Nama_Stasiun,Tipe,geometry,roof_area_m2
Lebak Bulus Grab,MRT,POINT (NaN NaN),0.0
Fatmawati Indomaret,MRT,POINT (NaN NaN),0.0
Cipete Raya,MRT,POINT (106.7973264 -6.2783417),7018.4527969758
Haji Nawi,MRT,POINT (NaN NaN),0.0
Blok A,MRT,POINT (NaN NaN),0.0
Blok M BCA,MRT,POINT (NaN NaN),0.0
ASEAN,MRT,POINT (106.7984458 -6.2389211),4089.019438044585
Senayan Mastercard,MRT,POINT (NaN NaN),0.0
Istora Mandiri,MRT,POINT (NaN NaN),0.0
Bendungan Hilir,MRT,POINT (NaN NaN),0.0
Setiabudi Astra,MRT,POINT (NaN NaN),0.0
Dukuh Atas BNI,MRT,POINT (NaN NaN),0.0
Bundaran HI Bank DKI,MRT,POINT (NaN NaN),0.0
Boulevard Utara,LRT,POINT (106.9059815 -6.1594366),10747.934987242103
Boulevard Selatan,LRT,POINT (106.9000145 -6.1689933),1677.7889494676856
Pulomas,LRT,POINT (106.8933929 -6.1773105),4279.776409383093
Equestrian,LRT,POINT (106.8912789 -6.1840567),976.5804976904369
Velodrome,LRT,POINT (106.8911771 -6.1921316),5037.515786491516
Pegangsaan Dua,LRT,POINT (106.9142091 -6.1572135),62562.62723732899
Manggarai,LRT,POINT (106.844446 -6.2082438),1322.8325717598864
Matraman,LRT,POINT (106.8501212 -6.2021671),725.5514913677789
Pasar Pramuka,LRT,POINT (106.8588799 -6.195812),1120.8300233590753
Pramuka BPKP,LRT,POINT (106.870737 -6.1920206),132.94591945057599
Rawamangun,LRT,POINT (106.8825717 -6.193143),176.16060518654277
Stasiun LRT Rawamangun,LRT,POINT (106.88257178358327 -6.193142779884788),176.16060518654277
Stasiun LRT Manggarai,LRT,POINT (106.84444620465439 -6.208243903911452),1322.8325717598864
Stasiun LRT Pramuka BPKP,LRT,POINT (106.8707261882836 -6.1920211861429255),132.94591945057599
Stasiun LRT Pasar Pramuka,LRT,POINT (106.85888308837816 -6.195809664924397),1120.8300233590753
Stasiun LRT Matraman,LRT,POINT (106.8501230698476 -6.2021683054601695),725.5514913677789
Taman Mini,LRT,POINT (106.8805584 -6.2929088),2126.2926028953366
Cikoko,LRT,POINT (106.8570718 -6.2434846),2191.9254923886087
Pancoran,LRT,POINT (106.8385146 -6.2421415),3099.3413684766947
Setiabudi,LRT,POINT (106.8302343 -6.2093224),3690.7817851194577
Rasuna Said,LRT,POINT (106.8322373 -6.2216089),3270.838081353416
Kampung Rambutan,LRT,POINT (106.8843804 -6.3095494),3423.176317362764
Harjamukti,LRT,POINT (106.8956698 -6.3738926),2973.9998511434032
Jatimulya,LRT,POINT (107.0216701 -6.2641077),2539.87499757327
Bekasi Barat,LRT,POINT (106.9904237 -6.2529489),2938.536283002639
Cikunir 2,LRT,POINT (106.9632112 -6.2546502),2541.9707276788927
Cikunir 1,LRT,POINT (106.9518734 -6.2566001),2947.815287008326
Jatibening Baru,LRT,POINT (106.9279199 -6.2577476),2947.933572528528
Kuningan,LRT,POINT (106.8332031 -6.2287727),2944.84416225242
Ciracas,LRT,POINT (106.8866433 -6.3237693),2828.7707193957335
Dukuh Atas Bank Syariah Indonesia,LRT,POINT (106.8255301 -6.204828),2664.5754355188124
Ciliwung,LRT,POINT (106.8639705 -6.2434461),100.3401939388903
Halim,LRT,POINT (106.8872875 -6.2458656),5920.093460198347
Cawang,LRT,POINT (106.8712296 -6.245907),5548.1455391588415
LRT,LRT,POINT (106.8712312356522 -6.245910948734508),5548.1455391588415
Stasiun Ancol,KRL,POINT (106.8451374 -6.128115),468.145366191564
Stasiun Angke,KRL,POINT (106.8007792 -6.1447372),2545.0171231693453
Stasiun BNI City,KRL,POINT (NaN NaN),0.0
Stasiun Bojong Indah,KRL,POINT (106.7363799 -6.1601252),1355.8717713717697
Stasiun Buaran,KRL,POINT (106.92316 -6.2156064),1041.046113231894
Stasiun Cakung,KRL,POINT (106.9524791 -6.219081),1079.8499469403941
Stasiun Cawang,KRL,POINT (106.8586903 -6.2425517),1332.9396372344168
Stasiun Cikini,KRL,POINT (106.8412799 -6.1985052),68.13883185594543
Stasiun Duren Kalibata,KRL,POINT (106.8551672 -6.2552012),946.0057280136098
Stasiun Duri,KRL,POINT (106.8013247 -6.1552809),2944.691744793821
Stasiun Gambir,KRL,POINT (106.8306473 -6.1766553),6489.901944176737
Stasiun Gang Sentiong,KRL,POINT (106.8508709 -6.1861531),1485.4821947097475
Stasiun Gondangdia,KRL,POINT (106.8325657 -6.1859109),5087.5762915665155
Stasiun Grogol,KRL,POINT (106.7896101 -6.162035),1351.706090613114
Stasiun Jakarta Gudang,KRL,POINT (106.819373 -6.133327),573.7921722484743
Stasiun Jakarta International Stadium,KRL,POINT (106.8608155 -6.1229628),215.55415429379133
Stasiun Jakarta Kota,KRL,POINT (106.8146203 -6.1375828),6544.066719131554
Stasiun Jatinegara,KRL,POINT (106.8703394 -6.2149252),4692.3699270012285
Stasiun Jayakarta,KRL,POINT (106.8231322 -6.1412999),4592.875444019696
Stasiun Juanda,KRL,POINT (106.8304609 -6.1666746),8243.98520783263
Stasiun Kalideres,KRL,POINT (106.7037283 -6.1659662),1463.2109400987777
Stasiun Kampung Bandan,KRL,POINT (106.819373 -6.133327),573.7921722484743
Stasiun Karet,KRL,POINT (106.8160024 -6.2008717),632.4544688786059
Stasiun Kebayoran,KRL,POINT (106.7825345 -6.23723),4603.624636694327
Stasiun Kemayoran,KRL,POINT (106.8414012 -6.1617033),1141.9737527078219
Stasiun Klender,KRL,POINT (106.8994133 -6.2133188),1450.0002372997744
Stasiun Klender Baru,KRL,POINT (106.9401833 -6.2176591),1108.91501493926
Stasiun Kramat,KRL,POINT (106.8565119 -6.1936203),1143.284067223684
Stasiun Lenteng Agung,KRL,POINT (106.8346791 -6.3303079),379.2155863708704
Stasiun Mangga Besar,KRL,POINT (106.8269826 -6.1498037),4065.973004125675
Stasiun Manggarai,KRL,POINT (106.849935 -6.2101704),10888.099538774664
Stasiun Matraman,KRL,POINT (106.8597528 -6.2125672),977.4757153508979
Stasiun Palmerah,KRL,POINT (106.7972321 -6.2079197),3192.5612102745863
Stasiun Pasar Minggu,KRL,POINT (106.8448558 -6.2833322),297.28640986207745
Stasiun Pasar Minggu Baru,KRL,POINT (106.8518817 -6.2627587),769.0832484000807
Stasiun Pasar Senen,KRL,POINT (106.8445744 -6.1744233),1754.9330464678383
Stasiun Pasoso,KRL,POINT (106.8854431 -6.1094192),959.8417252095924
Stasiun Pegangsaan,KRL,POINT (106.8412799 -6.1985052),68.13883185594543
Stasiun Pesing,KRL,POINT (106.7719077 -6.1612525),1732.4133433141424
Stasiun Pondok Jati,KRL,POINT (106.8623419 -6.2091242),1282.254660228501
Stasiun Rajawali,KRL,POINT (106.8368325 -6.1450996),0.0
Stasiun Rawa Buaya,KRL,POINT (106.7227543 -6.1627437),217.8381157741896
Stasiun Sawah Besar,KRL,POINT (106.8276549 -6.1606672),5445.505445105756
Stasiun Sudirman,KRL,POINT (106.8236386 -6.2025162),2880.6233382443947
Stasiun Sungai Lagoa,KRL,POINT (106.8778253 -6.1118879),556.112879650924
Stasiun Taman Kota,KRL,POINT (106.7565728 -6.158627),1641.936025975037
Stasiun Tanah Abang,KRL,POINT (106.8108938 -6.1857127),8133.883287103899
Stasiun Tanjung Barat,KRL,POINT (106.8389492 -6.3080407),7339.395980252408
Stasiun Tanjung Priok,KRL,POINT (106.8814984 -6.1106914),12733.266869172876
Stasiun Tebet,KRL,POINT (106.8584389 -6.2263977),1042.6095636731702
Stasiun Universitas Pancasila,KRL,POINT (106.834263 -6.3393452),41.95109988943103
