tahun,unit_pln,cakupan_wilayah,rumah_tangga_gwh,industri_gwh,bisnis_gwh,sosial_gwh,kantor_pemerintah_gwh,pju_gwh,lainnya_gwh,total_penjualan_gwh,porsi_nasional_pct,sektor_publik_gwh,sektor_publik_sosial_gwh,file_bukti_raw,halaman_dokumen,nama_tabel,penerbit
2024,UID Jakarta Raya,DKI Jakarta (Pusat Metropolitan),16413.87,3915.9,13807.54,1742.43,1452.01,198.1,668.52,38198.38,12.47,1650.11,3392.54,data/raw/pln/Statistik_PLN_2024.pdf,Hal 35 (Tabel 6),Tabel 6 : Energi Terjual per Kelompok Pelanggan (GWh),PT PLN (Persero)
2024,UID Jawa Barat,"Jawa Barat (Bodetabek Timur-Selatan: Bogor, Depok, Bekasi)",22917.83,25576.57,9589.85,1929.35,559.61,373.69,690.57,61637.47,20.13,933.3,2862.65,data/raw/pln/Statistik_PLN_2024.pdf,Hal 35 (Tabel 6),Tabel 6 : Energi Terjual per Kelompok Pelanggan (GWh),PT PLN (Persero)
2024,UID Banten,"Banten (Tangerang Raya: Kota Tangerang, Tangsel, Kab. Tangerang)",6847.28,16505.49,3880.7,506.18,173.41,84.19,399.21,28396.46,9.27,257.6,763.78,data/raw/pln/Statistik_PLN_2024.pdf,Hal 35 (Tabel 6),Tabel 6 : Energi Terjual per Kelompok Pelanggan (GWh),PT PLN (Persero)
2024,Jawa (Total),Pulau Jawa (Jamali Grid),79979.44,72875.44,38826.77,8008.3,3115.77,1779.1,2241.94,206826.77,67.54,4894.87,12903.17,data/raw/pln/Statistik_PLN_2024.pdf,Hal 35 (Tabel 6),Tabel 6 : Energi Terjual per Kelompok Pelanggan (GWh),PT PLN (Persero)
2024,Indonesia (Nasional),Nasional Seluruh Indonesia,130433.1,92195.69,58771.14,12679.23,5412.35,3527.9,3200.02,306219.42,100.0,8940.25,21619.48,data/raw/pln/Statistik_PLN_2024.pdf,Hal 35 (Tabel 6),Tabel 6 : Energi Terjual per Kelompok Pelanggan (GWh),PT PLN (Persero)
2023,UID Jakarta Raya,DKI Jakarta (Pusat Metropolitan),15644.75,3997.21,14001.63,1658.84,1482.22,207.71,0.0,36992.35,12.83,1689.93,3348.77,data/raw/pln/Statistik_PLN_2023.pdf,Hal 23 (Tabel 6),Tabel 6 : Energi Terjual per Kelompok Pelanggan (GWh),PT PLN (Persero)
2023,UID Jawa Barat,"Jawa Barat (Bodetabek Timur-Selatan: Bogor, Depok, Bekasi)",21854.79,25026.44,9013.71,1679.84,560.75,428.79,0.0,58564.31,20.3,989.54,2669.38,data/raw/pln/Statistik_PLN_2023.pdf,Hal 23 (Tabel 6),Tabel 6 : Energi Terjual per Kelompok Pelanggan (GWh),PT PLN (Persero)
2023,UID Banten,"Banten (Tangerang Raya: Kota Tangerang, Tangsel, Kab. Tangerang)",6475.33,15814.03,3964.6,463.42,167.91,86.12,0.0,26971.4,9.35,254.03,717.45,data/raw/pln/Statistik_PLN_2023.pdf,Hal 23 (Tabel 6),Tabel 6 : Energi Terjual per Kelompok Pelanggan (GWh),PT PLN (Persero)
2023,Jawa (Total),Pulau Jawa (Jamali Grid),75527.17,70681.65,37977.53,7265.39,3091.6,1867.0,0.0,196410.34,68.09,4958.6,12223.99,data/raw/pln/Statistik_PLN_2023.pdf,Hal 23 (Tabel 6),Tabel 6 : Energi Terjual per Kelompok Pelanggan (GWh),PT PLN (Persero)
2023,Indonesia (Nasional),Nasional Seluruh Indonesia,122339.69,88587.68,57112.0,11496.1,5285.12,3615.19,0.0,288435.78,100.0,8900.31,20396.41,data/raw/pln/Statistik_PLN_2023.pdf,Hal 23 (Tabel 6),Tabel 6 : Energi Terjual per Kelompok Pelanggan (GWh),PT PLN (Persero)
