asset_id,asset_name,category,category_display,segment_index,pitch_degrees,azimuth_degrees,azimuth_direction,spatial_status,solar_insight,plane_height_m,area_m2,ground_area_m2,panels_count,capacity_kwp,annual_generation_mwh
MRT-003,Stasiun MRT Cipete Raya,mrt,MRT,0,15.14,98.43,T (90°),Tampil di Citra,Matahari Terbit: Produksi listrik memuncak di pagi hari (07.00 – 11.00),53.21,2120.7,2047.11,964,385.6,618.82
MRT-003,Stasiun MRT Cipete Raya,mrt,MRT,1,17.84,286.09,B (270°),Tampil di Citra,Matahari Terbenam: Produksi listrik memuncak di siang–sore (12.00 – 16.00),52.61,1152.04,1096.66,482,192.8,283.95
MRT-003,Stasiun MRT Cipete Raya,mrt,MRT,2,18.5,96.11,T (90°),Tampil di Citra,Matahari Terbit: Produksi listrik memuncak di pagi hari (07.00 – 11.00),52.72,85.28,80.87,29,11.6,18.95
MRT-003,Stasiun MRT Cipete Raya,mrt,MRT,3,20.83,102.98,T (90°),Tampil di Citra,Matahari Terbit: Produksi listrik memuncak di pagi hari (07.00 – 11.00),51.29,69.07,64.56,26,10.4,16.42
MRT-003,Stasiun MRT Cipete Raya,mrt,MRT,4,23.86,93.74,T (90°),Tampil di Citra,Matahari Terbit: Produksi listrik memuncak di pagi hari (07.00 – 11.00),50.92,34.32,31.39,12,4.8,7.71
MRT-003,Stasiun MRT Cipete Raya,mrt,MRT,5,12.12,66.84,TL (45°),Tampil di Citra,Menangkap sinar pagi menjelang siang,47.91,135.87,132.84,46,18.4,29.08
MRT-003,Stasiun MRT Cipete Raya,mrt,MRT,6,18.1,301.71,BL (315°),Tampil di Citra,Menangkap sinar sore,52.78,16.79,15.96,4,1.6,2.43
MRT-003,Stasiun MRT Cipete Raya,mrt,MRT,7,17.3,303.15,BL (315°),Tampil di Citra,Menangkap sinar sore,52.26,26.13,24.95,7,2.8,4.26
MRT-003,Stasiun MRT Cipete Raya,mrt,MRT,8,14.79,296.9,BL (315°),Tampil di Citra,Menangkap sinar sore,51.69,30.23,29.23,9,3.6,5.5
MRT-003,Stasiun MRT Cipete Raya,mrt,MRT,9,14.39,294.32,BL (315°),Tampil di Citra,Menangkap sinar sore,51.33,30.72,29.76,10,4.0,6.11
MRT-003,Stasiun MRT Cipete Raya,mrt,MRT,10,15.54,286.61,B (270°),Tampil di Citra,Matahari Terbenam: Produksi listrik memuncak di siang–sore (12.00 – 16.00),51.38,23.25,22.4,6,2.4,3.7
MRT-003,Stasiun MRT Cipete Raya,mrt,MRT,11,1.99,45.39,TL (45°),Di Luar Bingkai Citra,"Atap Datar (Puncak tengah hari 11.00–13.00, self-cleaning alami rendah)",45.69,126.55,126.47,47,18.8,29.17
KRL-032,Stasiun KRL Manggarai Sentral,krl,KRL,0,2.34,267.92,B (270°),Tampil di Citra,"Atap Datar (Puncak tengah hari 11.00–13.00, self-cleaning alami rendah)",35.29,84.43,84.36,26,10.4,16.75
KRL-032,Stasiun KRL Manggarai Sentral,krl,KRL,1,1.15,192.85,S (180°),Tampil di Citra,"Atap Datar (Puncak tengah hari 11.00–13.00, self-cleaning alami rendah)",36.17,5106.05,5105.03,2410,964.0,1561.97
KRL-032,Stasiun KRL Manggarai Sentral,krl,KRL,2,0.37,0.0,U (0°),Tampil di Citra,"Atap Datar (Puncak tengah hari 11.00–13.00, self-cleaning alami rendah)",35.45,47.96,47.96,15,6.0,9.74
KRL-032,Stasiun KRL Manggarai Sentral,krl,KRL,3,1.43,143.18,TG (135°),Tampil di Citra,"Atap Datar (Puncak tengah hari 11.00–13.00, self-cleaning alami rendah)",35.72,482.02,481.87,213,85.2,137.82
KRL-032,Stasiun KRL Manggarai Sentral,krl,KRL,4,6.03,93.78,T (90°),Tampil di Citra,Matahari Terbit: Produksi listrik memuncak di pagi hari (07.00 – 11.00),35.37,41.49,41.26,14,5.6,9.16
KRL-032,Stasiun KRL Manggarai Sentral,krl,KRL,5,2.6,76.06,T (90°),Tampil di Citra,"Atap Datar (Puncak tengah hari 11.00–13.00, self-cleaning alami rendah)",34.53,1839.73,1837.83,844,337.6,552.47
KRL-032,Stasiun KRL Manggarai Sentral,krl,KRL,6,2.04,114.55,TG (135°),Tampil di Citra,"Atap Datar (Puncak tengah hari 11.00–13.00, self-cleaning alami rendah)",35.74,136.28,136.19,52,20.8,33.87
KRL-032,Stasiun KRL Manggarai Sentral,krl,KRL,7,2.25,42.05,TL (45°),Tampil di Citra,"Atap Datar (Puncak tengah hari 11.00–13.00, self-cleaning alami rendah)",35.48,100.91,100.83,39,15.6,25.48
KRL-032,Stasiun KRL Manggarai Sentral,krl,KRL,8,15.53,100.79,T (90°),Tampil di Citra,Matahari Terbit: Produksi listrik memuncak di pagi hari (07.00 – 11.00),21.11,184.03,177.31,71,28.4,43.8
KRL-032,Stasiun KRL Manggarai Sentral,krl,KRL,9,28.88,57.77,TL (45°),Tampil di Citra,Menangkap sinar pagi menjelang siang,27.71,732.66,641.57,308,123.2,191.99
KRL-032,Stasiun KRL Manggarai Sentral,krl,KRL,10,26.34,31.95,TL (45°),Tampil di Citra,Menangkap sinar pagi menjelang siang,29.14,408.28,365.88,160,64.0,101.29
KRL-032,Stasiun KRL Manggarai Sentral,krl,KRL,11,19.22,35.25,TL (45°),Dieliminasi Google (0 Panel),Menangkap sinar pagi menjelang siang,20.13,30.36,28.67,0,0.0,0.0
KRL-032,Stasiun KRL Manggarai Sentral,krl,KRL,12,14.13,13.39,U (0°),Tampil di Citra,Optimal saat matahari condong di utara (April – Agustus),31.27,99.29,96.29,36,14.4,23.58
KRL-032,Stasiun KRL Manggarai Sentral,krl,KRL,13,15.44,8.45,U (0°),Tampil di Citra,Optimal saat matahari condong di utara (April – Agustus),29.22,89.25,86.03,32,12.8,20.48
KRL-032,Stasiun KRL Manggarai Sentral,krl,KRL,14,16.28,356.23,U (0°),Tampil di Citra,Optimal saat matahari condong di utara (April – Agustus),25.71,489.23,469.6,209,83.6,134.61
LRT-014,Stasiun LRT Dukuh Atas,lrt,LRT,0,11.23,6.45,U (0°),Tampil di Citra,Optimal saat matahari condong di utara (April – Agustus),7.44,103.91,101.92,38,15.2,23.97
LRT-014,Stasiun LRT Dukuh Atas,lrt,LRT,1,3.03,60.83,TL (45°),Tampil di Citra,Menangkap sinar pagi menjelang siang,4.68,1557.24,1555.06,687,274.8,443.6
LRT-014,Stasiun LRT Dukuh Atas,lrt,LRT,2,3.75,163.31,S (180°),Dieliminasi Google (0 Panel),Optimal saat matahari condong di selatan (Oktober – Februari),3.62,8.64,8.62,0,0.0,0.0
LRT-014,Stasiun LRT Dukuh Atas,lrt,LRT,3,2.25,175.35,S (180°),Tampil di Citra,"Atap Datar (Puncak tengah hari 11.00–13.00, self-cleaning alami rendah)",4.27,139.12,139.01,52,20.8,33.69
RS-007,RSUD Tarakan Jakarta,hospital,Rumah Sakit,0,7.8,141.49,TG (135°),Tampil di Citra,Menangkap sinar pagi menjelang tengah hari,37.52,480.2,475.76,191,76.4,118.24
RS-007,RSUD Tarakan Jakarta,hospital,Rumah Sakit,1,27.75,167.44,S (180°),Tampil di Citra,Optimal saat matahari condong di selatan (Oktober – Februari),35.06,15.3,13.54,4,1.6,2.25
RS-007,RSUD Tarakan Jakarta,hospital,Rumah Sakit,2,9.27,145.11,TG (135°),Tampil di Citra,Menangkap sinar pagi menjelang tengah hari,37.22,11.64,11.49,3,1.2,1.89
RS-007,RSUD Tarakan Jakarta,hospital,Rumah Sakit,3,21.94,165.04,S (180°),Tampil di Citra,Optimal saat matahari condong di selatan (Oktober – Februari),39.31,88.9,82.46,31,12.4,18.54
RS-007,RSUD Tarakan Jakarta,hospital,Rumah Sakit,4,23.74,188.21,S (180°),Dieliminasi Google (0 Panel),Optimal saat matahari condong di selatan (Oktober – Februari),37.49,10.23,9.36,0,0.0,0.0
RS-007,RSUD Tarakan Jakarta,hospital,Rumah Sakit,5,7.85,120.61,TG (135°),Tampil di Citra,Menangkap sinar pagi menjelang tengah hari,37.46,21.32,21.12,5,2.0,3.21
RS-007,RSUD Tarakan Jakarta,hospital,Rumah Sakit,6,5.29,108.96,T (90°),Tampil di Citra,Matahari Terbit: Produksi listrik memuncak di pagi hari (07.00 – 11.00),37.87,15.34,15.27,4,1.6,2.59
RS-007,RSUD Tarakan Jakarta,hospital,Rumah Sakit,7,16.96,175.67,S (180°),Tampil di Citra,Optimal saat matahari condong di selatan (Oktober – Februari),32.51,33.58,32.12,12,4.8,7.37
RS-007,RSUD Tarakan Jakarta,hospital,Rumah Sakit,8,3.42,168.17,S (180°),Tampil di Citra,Optimal saat matahari condong di selatan (Oktober – Februari),37.89,24.99,24.95,8,3.2,5.1
RS-007,RSUD Tarakan Jakarta,hospital,Rumah Sakit,9,6.88,186.42,S (180°),Tampil di Citra,Optimal saat matahari condong di selatan (Oktober – Februari),33.9,169.11,167.89,67,26.8,42.18
RS-007,RSUD Tarakan Jakarta,hospital,Rumah Sakit,10,6.64,187.19,S (180°),Tampil di Citra,Optimal saat matahari condong di selatan (Oktober – Februari),20.24,137.63,136.71,36,14.4,21.7
RS-007,RSUD Tarakan Jakarta,hospital,Rumah Sakit,11,12.17,222.13,BD (225°),Tampil di Citra,Menangkap sinar siang menjelang sore,23.31,71.77,70.16,24,9.6,14.99
RS-007,RSUD Tarakan Jakarta,hospital,Rumah Sakit,12,4.83,202.4,S (180°),Tampil di Citra,Optimal saat matahari condong di selatan (Oktober – Februari),21.29,24.58,24.49,7,2.8,4.41
RS-007,RSUD Tarakan Jakarta,hospital,Rumah Sakit,13,8.48,125.68,TG (135°),Tampil di Citra,Menangkap sinar pagi menjelang tengah hari,21.24,20.35,20.13,5,2.0,3.23
MALL-001,Pondok Indah Mall 1,mall,Pusat Perbelanjaan / Mall,0,4.49,254.61,B (270°),Tampil di Citra,Matahari Terbenam: Produksi listrik memuncak di siang–sore (12.00 – 16.00),39.56,14.32,14.28,3,1.2,1.9
MALL-001,Pondok Indah Mall 1,mall,Pusat Perbelanjaan / Mall,1,4.21,309.17,BL (315°),Tampil di Citra,Menangkap sinar sore,38.85,306.88,306.05,123,49.2,78.76
MALL-001,Pondok Indah Mall 1,mall,Pusat Perbelanjaan / Mall,2,8.43,15.3,U (0°),Tampil di Citra,Optimal saat matahari condong di utara (April – Agustus),39.12,26.43,26.14,8,3.2,5.01
MALL-001,Pondok Indah Mall 1,mall,Pusat Perbelanjaan / Mall,3,5.91,193.31,S (180°),Tampil di Citra,Optimal saat matahari condong di selatan (Oktober – Februari),43.12,84.02,83.57,17,6.8,9.95
MALL-001,Pondok Indah Mall 1,mall,Pusat Perbelanjaan / Mall,4,10.27,324.54,BL (315°),Tampil di Citra,Menangkap sinar sore,43.52,79.56,78.29,19,7.6,11.82
MALL-001,Pondok Indah Mall 1,mall,Pusat Perbelanjaan / Mall,5,14.93,37.13,TL (45°),Dieliminasi Google (0 Panel),Menangkap sinar pagi menjelang siang,32.96,7.44,7.19,0,0.0,0.0
MALL-001,Pondok Indah Mall 1,mall,Pusat Perbelanjaan / Mall,6,1.42,296.59,BL (315°),Tampil di Citra,"Atap Datar (Puncak tengah hari 11.00–13.00, self-cleaning alami rendah)",44.61,93.02,92.99,31,12.4,19.66
MALL-001,Pondok Indah Mall 1,mall,Pusat Perbelanjaan / Mall,7,3.63,8.9,U (0°),Tampil di Citra,Optimal saat matahari condong di utara (April – Agustus),44.48,81.8,81.64,31,12.4,19.72
MALL-001,Pondok Indah Mall 1,mall,Pusat Perbelanjaan / Mall,8,3.51,120.68,TG (135°),Tampil di Citra,Menangkap sinar pagi menjelang tengah hari,42.72,78.39,78.24,25,10.0,14.97
MALL-001,Pondok Indah Mall 1,mall,Pusat Perbelanjaan / Mall,9,7.2,307.63,BL (315°),Tampil di Citra,Menangkap sinar sore,44.75,32.58,32.32,9,3.6,5.56
MALL-001,Pondok Indah Mall 1,mall,Pusat Perbelanjaan / Mall,10,1.58,214.86,BD (225°),Tampil di Citra,"Atap Datar (Puncak tengah hari 11.00–13.00, self-cleaning alami rendah)",48.34,63.95,63.93,22,8.8,13.97
MALL-001,Pondok Indah Mall 1,mall,Pusat Perbelanjaan / Mall,11,8.92,189.05,S (180°),Tampil di Citra,Optimal saat matahari condong di selatan (Oktober – Februari),46.9,179.23,177.06,67,26.8,41.96
MALL-001,Pondok Indah Mall 1,mall,Pusat Perbelanjaan / Mall,12,2.9,107.53,T (90°),Tampil di Citra,"Atap Datar (Puncak tengah hari 11.00–13.00, self-cleaning alami rendah)",43.94,20.88,20.85,6,2.4,3.82
MALL-001,Pondok Indah Mall 1,mall,Pusat Perbelanjaan / Mall,13,8.77,185.49,S (180°),Tampil di Citra,Optimal saat matahari condong di selatan (Oktober – Februari),46.81,195.77,193.48,69,27.6,44.32
MALL-001,Pondok Indah Mall 1,mall,Pusat Perbelanjaan / Mall,14,9.38,76.08,T (90°),Tampil di Citra,Matahari Terbit: Produksi listrik memuncak di pagi hari (07.00 – 11.00),52.33,153.91,151.85,42,16.8,27.29
MALL-001,Pondok Indah Mall 1,mall,Pusat Perbelanjaan / Mall,15,7.84,345.31,U (0°),Tampil di Citra,Optimal saat matahari condong di utara (April – Agustus),44.56,59.33,58.77,16,6.4,9.9
MALL-001,Pondok Indah Mall 1,mall,Pusat Perbelanjaan / Mall,16,2.82,155.39,TG (135°),Tampil di Citra,"Atap Datar (Puncak tengah hari 11.00–13.00, self-cleaning alami rendah)",47.31,53.21,53.15,10,4.0,6.09
MALL-001,Pondok Indah Mall 1,mall,Pusat Perbelanjaan / Mall,17,8.26,267.21,B (270°),Tampil di Citra,Matahari Terbenam: Produksi listrik memuncak di siang–sore (12.00 – 16.00),45.84,278.65,275.76,110,44.0,68.92
MALL-001,Pondok Indah Mall 1,mall,Pusat Perbelanjaan / Mall,18,5.27,105.91,T (90°),Tampil di Citra,Matahari Terbit: Produksi listrik memuncak di pagi hari (07.00 – 11.00),49.09,11.2,11.15,2,0.8,1.26
MALL-001,Pondok Indah Mall 1,mall,Pusat Perbelanjaan / Mall,19,8.11,346.82,U (0°),Tampil di Citra,Optimal saat matahari condong di utara (April – Agustus),49.56,38.77,38.38,10,4.0,6.2
MALL-001,Pondok Indah Mall 1,mall,Pusat Perbelanjaan / Mall,20,2.38,72.65,T (90°),Tampil di Citra,"Atap Datar (Puncak tengah hari 11.00–13.00, self-cleaning alami rendah)",45.53,31.84,31.81,9,3.6,5.74
MALL-001,Pondok Indah Mall 1,mall,Pusat Perbelanjaan / Mall,21,1.58,281.27,B (270°),Tampil di Citra,"Atap Datar (Puncak tengah hari 11.00–13.00, self-cleaning alami rendah)",51.43,697.39,697.13,298,119.2,187.93
MALL-001,Pondok Indah Mall 1,mall,Pusat Perbelanjaan / Mall,22,3.74,84.14,T (90°),Dieliminasi Google (0 Panel),Matahari Terbit: Produksi listrik memuncak di pagi hari (07.00 – 11.00),32.58,10.55,10.53,0,0.0,0.0
MALL-001,Pondok Indah Mall 1,mall,Pusat Perbelanjaan / Mall,23,3.76,86.56,T (90°),Tampil di Citra,Matahari Terbit: Produksi listrik memuncak di pagi hari (07.00 – 11.00),38.08,61.67,61.54,16,6.4,9.48
MALL-001,Pondok Indah Mall 1,mall,Pusat Perbelanjaan / Mall,24,74.68,278.57,B (270°),Dieliminasi Google (0 Panel),Matahari Terbenam: Produksi listrik memuncak di siang–sore (12.00 – 16.00),43.59,10.03,2.65,0,0.0,0.0
MALL-001,Pondok Indah Mall 1,mall,Pusat Perbelanjaan / Mall,25,8.95,7.81,U (0°),Tampil di Citra,Optimal saat matahari condong di utara (April – Agustus),46.34,177.28,175.12,70,28.0,45.16
MALL-001,Pondok Indah Mall 1,mall,Pusat Perbelanjaan / Mall,26,8.59,70.39,T (90°),Tampil di Citra,Matahari Terbit: Produksi listrik memuncak di pagi hari (07.00 – 11.00),46.55,54.7,54.09,19,7.6,11.9
MALL-001,Pondok Indah Mall 1,mall,Pusat Perbelanjaan / Mall,27,29.29,261.11,B (270°),Tampil di Citra,Matahari Terbenam: Produksi listrik memuncak di siang–sore (12.00 – 16.00),48.3,33.35,29.09,11,4.4,6.1
MALL-001,Pondok Indah Mall 1,mall,Pusat Perbelanjaan / Mall,28,5.91,247.64,B (270°),Tampil di Citra,Matahari Terbenam: Produksi listrik memuncak di siang–sore (12.00 – 16.00),52.23,12.31,12.24,3,1.2,1.9
MALL-001,Pondok Indah Mall 1,mall,Pusat Perbelanjaan / Mall,29,6.34,177.25,S (180°),Tampil di Citra,Optimal saat matahari condong di selatan (Oktober – Februari),47.71,60.68,60.31,20,8.0,12.41
MALL-001,Pondok Indah Mall 1,mall,Pusat Perbelanjaan / Mall,30,1.12,24.16,TL (45°),Tampil di Citra,"Atap Datar (Puncak tengah hari 11.00–13.00, self-cleaning alami rendah)",45.04,580.54,580.43,201,80.4,125.68
MALL-001,Pondok Indah Mall 1,mall,Pusat Perbelanjaan / Mall,31,1.65,153.38,TG (135°),Tampil di Citra,"Atap Datar (Puncak tengah hari 11.00–13.00, self-cleaning alami rendah)",38.53,529.22,529.0,216,86.4,138.95
MALL-001,Pondok Indah Mall 1,mall,Pusat Perbelanjaan / Mall,32,8.45,296.17,BL (315°),Tampil di Citra,Menangkap sinar sore,47.48,97.79,96.73,29,11.6,18.62
MALL-001,Pondok Indah Mall 1,mall,Pusat Perbelanjaan / Mall,33,14.81,353.32,U (0°),Tampil di Citra,Optimal saat matahari condong di utara (April – Agustus),47.78,73.81,71.36,28,11.2,18.02
MALL-001,Pondok Indah Mall 1,mall,Pusat Perbelanjaan / Mall,34,5.16,115.87,TG (135°),Tampil di Citra,Menangkap sinar pagi menjelang tengah hari,36.49,28.84,28.72,9,3.6,5.3
MALL-001,Pondok Indah Mall 1,mall,Pusat Perbelanjaan / Mall,35,11.07,338.91,U (0°),Tampil di Citra,Optimal saat matahari condong di utara (April – Agustus),49.77,32.16,31.56,10,4.0,6.43
MALL-001,Pondok Indah Mall 1,mall,Pusat Perbelanjaan / Mall,36,6.53,53.74,TL (45°),Tampil di Citra,Menangkap sinar pagi menjelang siang,45.51,62.83,62.42,20,8.0,12.83
MALL-001,Pondok Indah Mall 1,mall,Pusat Perbelanjaan / Mall,37,4.96,320.99,BL (315°),Tampil di Citra,Menangkap sinar sore,48.64,113.97,113.54,28,11.2,17.91
MALL-001,Pondok Indah Mall 1,mall,Pusat Perbelanjaan / Mall,38,7.28,99.21,T (90°),Tampil di Citra,Matahari Terbit: Produksi listrik memuncak di pagi hari (07.00 – 11.00),32.74,86.44,85.74,24,9.6,15.09
MALL-001,Pondok Indah Mall 1,mall,Pusat Perbelanjaan / Mall,39,13.31,182.68,S (180°),Tampil di Citra,Optimal saat matahari condong di selatan (Oktober – Februari),46.49,22.13,21.54,6,2.4,3.7
MALL-001,Pondok Indah Mall 1,mall,Pusat Perbelanjaan / Mall,40,12.68,357.37,U (0°),Tampil di Citra,Optimal saat matahari condong di utara (April – Agustus),46.46,30.19,29.45,10,4.0,6.46
MALL-001,Pondok Indah Mall 1,mall,Pusat Perbelanjaan / Mall,41,4.37,140.66,TG (135°),Tampil di Citra,Menangkap sinar pagi menjelang tengah hari,32.67,56.15,55.99,18,7.2,10.59
MALL-001,Pondok Indah Mall 1,mall,Pusat Perbelanjaan / Mall,42,3.92,348.16,U (0°),Tampil di Citra,Optimal saat matahari condong di utara (April – Agustus),45.83,20.26,20.21,6,2.4,3.76
MALL-001,Pondok Indah Mall 1,mall,Pusat Perbelanjaan / Mall,43,3.97,283.59,B (270°),Tampil di Citra,Matahari Terbenam: Produksi listrik memuncak di siang–sore (12.00 – 16.00),48.84,291.77,291.07,110,44.0,70.23
MALL-001,Pondok Indah Mall 1,mall,Pusat Perbelanjaan / Mall,44,3.12,282.1,B (270°),Tampil di Citra,Matahari Terbenam: Produksi listrik memuncak di siang–sore (12.00 – 16.00),49.69,32.07,32.02,9,3.6,5.84
MALL-001,Pondok Indah Mall 1,mall,Pusat Perbelanjaan / Mall,45,19.79,265.89,B (270°),Tampil di Citra,Matahari Terbenam: Produksi listrik memuncak di siang–sore (12.00 – 16.00),35.13,46.69,43.93,19,7.6,10.01
MALL-001,Pondok Indah Mall 1,mall,Pusat Perbelanjaan / Mall,46,0.49,0.0,U (0°),Tampil di Citra,"Atap Datar (Puncak tengah hari 11.00–13.00, self-cleaning alami rendah)",46.15,756.01,755.98,356,142.4,229.01
MALL-001,Pondok Indah Mall 1,mall,Pusat Perbelanjaan / Mall,47,18.64,268.02,B (270°),Tampil di Citra,Matahari Terbenam: Produksi listrik memuncak di siang–sore (12.00 – 16.00),33.01,17.57,16.65,6,2.4,3.27
MALL-001,Pondok Indah Mall 1,mall,Pusat Perbelanjaan / Mall,48,10.78,277.01,B (270°),Tampil di Citra,Matahari Terbenam: Produksi listrik memuncak di siang–sore (12.00 – 16.00),48.14,95.29,93.61,36,14.4,22.57
MALL-001,Pondok Indah Mall 1,mall,Pusat Perbelanjaan / Mall,49,4.8,322.29,BL (315°),Tampil di Citra,Menangkap sinar sore,47.0,189.88,189.21,60,24.0,37.9
MALL-001,Pondok Indah Mall 1,mall,Pusat Perbelanjaan / Mall,50,7.57,286.78,B (270°),Tampil di Citra,Matahari Terbenam: Produksi listrik memuncak di siang–sore (12.00 – 16.00),45.87,142.03,140.79,39,15.6,24.68
MALL-001,Pondok Indah Mall 1,mall,Pusat Perbelanjaan / Mall,51,4.05,120.05,TG (135°),Tampil di Citra,Menangkap sinar pagi menjelang tengah hari,45.39,65.35,65.19,18,7.2,11.83
MALL-001,Pondok Indah Mall 1,mall,Pusat Perbelanjaan / Mall,52,4.01,274.61,B (270°),Tampil di Citra,Matahari Terbenam: Produksi listrik memuncak di siang–sore (12.00 – 16.00),47.71,17.43,17.39,5,2.0,3.2
MALL-001,Pondok Indah Mall 1,mall,Pusat Perbelanjaan / Mall,53,4.3,337.63,U (0°),Tampil di Citra,Optimal saat matahari condong di utara (April – Agustus),49.59,51.73,51.58,15,6.0,9.69
MALL-001,Pondok Indah Mall 1,mall,Pusat Perbelanjaan / Mall,54,4.15,285.22,B (270°),Tampil di Citra,Matahari Terbenam: Produksi listrik memuncak di siang–sore (12.00 – 16.00),35.11,150.14,149.75,59,23.6,37.1
MALL-001,Pondok Indah Mall 1,mall,Pusat Perbelanjaan / Mall,55,15.4,348.87,U (0°),Tampil di Citra,Optimal saat matahari condong di utara (April – Agustus),46.99,87.01,83.89,32,12.8,20.35
MALL-001,Pondok Indah Mall 1,mall,Pusat Perbelanjaan / Mall,56,3.89,330.05,BL (315°),Tampil di Citra,Menangkap sinar sore,45.83,267.8,267.18,85,34.0,55.45
MALL-001,Pondok Indah Mall 1,mall,Pusat Perbelanjaan / Mall,57,6.71,286.41,B (270°),Tampil di Citra,Matahari Terbenam: Produksi listrik memuncak di siang–sore (12.00 – 16.00),46.69,240.14,238.49,84,33.6,53.06
MALL-001,Pondok Indah Mall 1,mall,Pusat Perbelanjaan / Mall,58,7.48,211.14,BD (225°),Dieliminasi Google (0 Panel),Menangkap sinar siang menjelang sore,46.18,4.83,4.79,0,0.0,0.0
MALL-001,Pondok Indah Mall 1,mall,Pusat Perbelanjaan / Mall,59,7.85,79.35,T (90°),Tampil di Citra,Matahari Terbit: Produksi listrik memuncak di pagi hari (07.00 – 11.00),42.38,175.62,173.97,43,17.2,27.16
MALL-001,Pondok Indah Mall 1,mall,Pusat Perbelanjaan / Mall,60,2.21,286.86,B (270°),Tampil di Citra,"Atap Datar (Puncak tengah hari 11.00–13.00, self-cleaning alami rendah)",47.23,161.81,161.69,58,23.2,37.12
MALL-001,Pondok Indah Mall 1,mall,Pusat Perbelanjaan / Mall,61,15.5,348.61,U (0°),Tampil di Citra,Optimal saat matahari condong di utara (April – Agustus),46.31,60.02,57.84,20,8.0,12.71
MALL-001,Pondok Indah Mall 1,mall,Pusat Perbelanjaan / Mall,62,3.77,174.23,S (180°),Dieliminasi Google (0 Panel),Optimal saat matahari condong di selatan (Oktober – Februari),45.86,3.06,3.05,0,0.0,0.0
MALL-001,Pondok Indah Mall 1,mall,Pusat Perbelanjaan / Mall,63,7.97,133.89,TG (135°),Tampil di Citra,Menangkap sinar pagi menjelang tengah hari,38.06,30.19,29.9,2,0.8,1.14
MALL-001,Pondok Indah Mall 1,mall,Pusat Perbelanjaan / Mall,64,3.2,169.32,S (180°),Tampil di Citra,Optimal saat matahari condong di selatan (Oktober – Februari),42.9,84.07,83.94,19,7.6,12.06
MALL-001,Pondok Indah Mall 1,mall,Pusat Perbelanjaan / Mall,65,5.9,256.89,B (270°),Tampil di Citra,Matahari Terbenam: Produksi listrik memuncak di siang–sore (12.00 – 16.00),30.38,31.71,31.54,11,4.4,6.56
MALL-001,Pondok Indah Mall 1,mall,Pusat Perbelanjaan / Mall,66,16.8,175.97,S (180°),Tampil di Citra,Optimal saat matahari condong di selatan (Oktober – Februari),45.81,132.65,126.99,51,20.4,31.17
MALL-001,Pondok Indah Mall 1,mall,Pusat Perbelanjaan / Mall,67,0.91,0.0,U (0°),Tampil di Citra,"Atap Datar (Puncak tengah hari 11.00–13.00, self-cleaning alami rendah)",32.32,375.17,375.12,143,57.2,89.53
MALL-001,Pondok Indah Mall 1,mall,Pusat Perbelanjaan / Mall,68,3.95,191.57,S (180°),Tampil di Citra,Optimal saat matahari condong di selatan (Oktober – Februari),45.71,75.85,75.67,21,8.4,12.54
MALL-001,Pondok Indah Mall 1,mall,Pusat Perbelanjaan / Mall,69,1.65,161.15,S (180°),Tampil di Citra,"Atap Datar (Puncak tengah hari 11.00–13.00, self-cleaning alami rendah)",42.68,85.04,85.0,25,10.0,16.02
MALL-001,Pondok Indah Mall 1,mall,Pusat Perbelanjaan / Mall,70,4.07,72.64,T (90°),Tampil di Citra,Matahari Terbit: Produksi listrik memuncak di pagi hari (07.00 – 11.00),46.02,228.1,227.52,59,23.6,37.3
MALL-001,Pondok Indah Mall 1,mall,Pusat Perbelanjaan / Mall,71,4.34,28.75,TL (45°),Tampil di Citra,Menangkap sinar pagi menjelang siang,42.71,151.25,150.82,44,17.6,27.49
MALL-001,Pondok Indah Mall 1,mall,Pusat Perbelanjaan / Mall,72,3.68,96.64,T (90°),Tampil di Citra,Matahari Terbit: Produksi listrik memuncak di pagi hari (07.00 – 11.00),45.29,303.89,303.26,107,42.8,69.85
MALL-001,Pondok Indah Mall 1,mall,Pusat Perbelanjaan / Mall,73,1.75,72.91,T (90°),Tampil di Citra,"Atap Datar (Puncak tengah hari 11.00–13.00, self-cleaning alami rendah)",45.69,75.21,75.17,14,5.6,9.03
MALL-001,Pondok Indah Mall 1,mall,Pusat Perbelanjaan / Mall,74,1.67,29.11,TL (45°),Tampil di Citra,"Atap Datar (Puncak tengah hari 11.00–13.00, self-cleaning alami rendah)",44.88,817.48,817.13,312,124.8,202.47
MALL-001,Pondok Indah Mall 1,mall,Pusat Perbelanjaan / Mall,75,4.81,268.02,B (270°),Tampil di Citra,Matahari Terbenam: Produksi listrik memuncak di siang–sore (12.00 – 16.00),44.6,79.01,78.73,27,10.8,16.76
MALL-001,Pondok Indah Mall 1,mall,Pusat Perbelanjaan / Mall,76,7.93,268.48,B (270°),Tampil di Citra,Matahari Terbenam: Produksi listrik memuncak di siang–sore (12.00 – 16.00),46.53,74.23,73.52,12,4.8,7.51
MALL-001,Pondok Indah Mall 1,mall,Pusat Perbelanjaan / Mall,77,2.4,291.92,B (270°),Tampil di Citra,"Atap Datar (Puncak tengah hari 11.00–13.00, self-cleaning alami rendah)",44.52,327.77,327.48,111,44.4,69.7
MALL-001,Pondok Indah Mall 1,mall,Pusat Perbelanjaan / Mall,78,6.04,177.0,S (180°),Tampil di Citra,Optimal saat matahari condong di selatan (Oktober – Februari),44.55,509.78,506.95,214,85.6,135.84
MALL-001,Pondok Indah Mall 1,mall,Pusat Perbelanjaan / Mall,79,1.05,167.08,S (180°),Tampil di Citra,"Atap Datar (Puncak tengah hari 11.00–13.00, self-cleaning alami rendah)",44.91,523.6,523.51,199,79.6,127.3
MALL-001,Pondok Indah Mall 1,mall,Pusat Perbelanjaan / Mall,80,1.81,294.33,BL (315°),Tampil di Citra,"Atap Datar (Puncak tengah hari 11.00–13.00, self-cleaning alami rendah)",45.21,536.54,536.27,199,79.6,126.88
MALL-001,Pondok Indah Mall 1,mall,Pusat Perbelanjaan / Mall,81,1.43,113.58,TG (135°),Tampil di Citra,"Atap Datar (Puncak tengah hari 11.00–13.00, self-cleaning alami rendah)",45.33,653.5,653.3,254,101.6,165.21
MALL-001,Pondok Indah Mall 1,mall,Pusat Perbelanjaan / Mall,82,2.87,281.26,B (270°),Tampil di Citra,"Atap Datar (Puncak tengah hari 11.00–13.00, self-cleaning alami rendah)",45.13,361.76,361.31,134,53.6,85.75
MALL-001,Pondok Indah Mall 1,mall,Pusat Perbelanjaan / Mall,83,2.28,16.65,U (0°),Tampil di Citra,"Atap Datar (Puncak tengah hari 11.00–13.00, self-cleaning alami rendah)",45.42,240.07,239.88,75,30.0,47.26
MALL-001,Pondok Indah Mall 1,mall,Pusat Perbelanjaan / Mall,84,8.95,258.2,B (270°),Dieliminasi Google (0 Panel),Matahari Terbenam: Produksi listrik memuncak di siang–sore (12.00 – 16.00),45.58,5.62,5.55,0,0.0,0.0
MALL-001,Pondok Indah Mall 1,mall,Pusat Perbelanjaan / Mall,85,1.69,218.56,BD (225°),Tampil di Citra,"Atap Datar (Puncak tengah hari 11.00–13.00, self-cleaning alami rendah)",45.59,612.99,612.72,241,96.4,155.28
MALL-001,Pondok Indah Mall 1,mall,Pusat Perbelanjaan / Mall,86,1.96,117.5,TG (135°),Tampil di Citra,"Atap Datar (Puncak tengah hari 11.00–13.00, self-cleaning alami rendah)",45.85,103.28,103.22,31,12.4,19.95
MALL-001,Pondok Indah Mall 1,mall,Pusat Perbelanjaan / Mall,87,4.39,122.05,TG (135°),Tampil di Citra,Menangkap sinar pagi menjelang tengah hari,44.79,29.56,29.47,8,3.2,5.18
MALL-001,Pondok Indah Mall 1,mall,Pusat Perbelanjaan / Mall,88,0.31,0.0,U (0°),Tampil di Citra,"Atap Datar (Puncak tengah hari 11.00–13.00, self-cleaning alami rendah)",44.68,27.05,27.05,8,3.2,5.16
MALL-001,Pondok Indah Mall 1,mall,Pusat Perbelanjaan / Mall,89,4.15,312.56,BL (315°),Tampil di Citra,Menangkap sinar sore,45.05,215.09,214.53,70,28.0,44.49
MALL-001,Pondok Indah Mall 1,mall,Pusat Perbelanjaan / Mall,90,7.58,315.36,BL (315°),Tampil di Citra,Menangkap sinar sore,46.56,186.74,185.11,37,14.8,23.31
MALL-001,Pondok Indah Mall 1,mall,Pusat Perbelanjaan / Mall,91,3.15,173.11,S (180°),Tampil di Citra,Optimal saat matahari condong di selatan (Oktober – Februari),44.78,44.92,44.85,14,5.6,9.01
MALL-001,Pondok Indah Mall 1,mall,Pusat Perbelanjaan / Mall,92,1.87,115.19,TG (135°),Tampil di Citra,"Atap Datar (Puncak tengah hari 11.00–13.00, self-cleaning alami rendah)",46.42,57.26,57.23,10,4.0,6.19
MALL-001,Pondok Indah Mall 1,mall,Pusat Perbelanjaan / Mall,93,5.04,199.34,S (180°),Tampil di Citra,Optimal saat matahari condong di selatan (Oktober – Februari),46.87,31.92,31.8,9,3.6,5.77
MALL-001,Pondok Indah Mall 1,mall,Pusat Perbelanjaan / Mall,94,0.58,0.0,U (0°),Tampil di Citra,"Atap Datar (Puncak tengah hari 11.00–13.00, self-cleaning alami rendah)",44.94,205.09,205.08,81,32.4,52.43
MALL-001,Pondok Indah Mall 1,mall,Pusat Perbelanjaan / Mall,95,7.35,101.29,T (90°),Tampil di Citra,Matahari Terbit: Produksi listrik memuncak di pagi hari (07.00 – 11.00),45.24,36.45,36.15,6,2.4,3.84
MALL-001,Pondok Indah Mall 1,mall,Pusat Perbelanjaan / Mall,96,1.11,169.99,S (180°),Tampil di Citra,"Atap Datar (Puncak tengah hari 11.00–13.00, self-cleaning alami rendah)",42.85,202.86,202.82,63,25.2,39.09
MALL-001,Pondok Indah Mall 1,mall,Pusat Perbelanjaan / Mall,97,2.81,324.58,BL (315°),Tampil di Citra,"Atap Datar (Puncak tengah hari 11.00–13.00, self-cleaning alami rendah)",45.53,104.58,104.45,28,11.2,17.92
MALL-001,Pondok Indah Mall 1,mall,Pusat Perbelanjaan / Mall,98,3.95,254.26,B (270°),Tampil di Citra,Matahari Terbenam: Produksi listrik memuncak di siang–sore (12.00 – 16.00),44.0,91.46,91.24,9,3.6,5.31
MALL-001,Pondok Indah Mall 1,mall,Pusat Perbelanjaan / Mall,99,0.51,0.0,U (0°),Tampil di Citra,"Atap Datar (Puncak tengah hari 11.00–13.00, self-cleaning alami rendah)",43.58,161.51,161.5,60,24.0,37.59
MALL-001,Pondok Indah Mall 1,mall,Pusat Perbelanjaan / Mall,100,50.77,262.52,B (270°),Dieliminasi Google (0 Panel),Matahari Terbenam: Produksi listrik memuncak di siang–sore (12.00 – 16.00),44.75,2.09,1.32,0,0.0,0.0
