category,category_display,total_points,total_area_m2,total_panels_count,total_capacity_kwp,total_annual_generation_mwh,tipe_struktur_plts,capex_per_kwp_rp,total_capex_miliar,total_capex_triliun,tarif_pln_rp_per_kwh,golongan_tarif_pln,total_savings_annual_miliar,total_savings_annual_juta,simple_payback_years,net_cumulative_savings_25yr_miliar,green_jobs_konstruksi_orang,green_jobs_om_orang,total_green_jobs_orang,ekuivalensi_tiket_komuter_pax,ekuivalensi_puskesmas_unit,ekuivalensi_beasiswa_siswa,kuadran_prioritas,rekomendasi_kebijakan,id_standar_capex,file_bukti_raw_capex,file_bukti_raw_tarif,file_sumber_solar,ringkasan_model_tekno_ekonomi,kalimat_verbatim
hospital,Rumah Sakit Umum Daerah (RSUD),254,394085.33,147996,59198.4,78509.92,Rooftop Dak Beton Standar,12500000.0,739.98,0.74,1467.28,P-1/TR (Pelayanan Publik & Sosial),115.2,115196.04,6.42,2139.92,1184,89,1273,11519604,76.8,22325,Kuadran 2: Dividen Pelayanan Publik & Edukasi,Efisiensi Operasional untuk Subsidi Obat & Puskesmas,CAPEX-ROOF-001,data/raw/sources/cnbc_esdm_biaya_plts_atap_official.html,data/raw/pln/Statistik_PLN_2024.pdf,data/processed/calculations/pow_solar_kumulatif_summary.csv,"Kategori Rumah Sakit Umum Daerah (RSUD) memiliki potensi kapasitas 59,198.4 kWp dengan produksi 78,509.92 MWh/tahun. Kebutuhan modal Rp 739.98 Miliar menghasilkan penghematan belanja listrik Rp 115.20 Miliar/tahun (Simple Payback: 6.42 tahun, setara 11,519,604 perjalanan komuter bersubsidi).","Kategori Rumah Sakit Umum Daerah (RSUD) memiliki potensi kapasitas 59,198.4 kWp dengan produksi 78,509.92 MWh/tahun. Kebutuhan modal Rp 739.98 Miliar menghasilkan penghematan belanja listrik Rp 115.20 Miliar/tahun (Simple Payback: 6.42 tahun, setara 11,519,604 perjalanan komuter bersubsidi)."
school,Sekolah Dasar & Menengah,667,299708.19,112114,44845.6,58889.6,Rooftop Dak Beton Standar,12500000.0,560.57,0.5606,1467.28,P-1/TR (Pelayanan Publik & Sosial),86.41,86407.53,6.49,1599.62,897,67,964,8640753,57.6,16746,Kuadran 2: Dividen Pelayanan Publik & Edukasi,Penghematan Belanja Rutin Dialihkan ke Beasiswa KJP Plus,CAPEX-ROOF-001,data/raw/sources/cnbc_esdm_biaya_plts_atap_official.html,data/raw/pln/Statistik_PLN_2024.pdf,data/processed/calculations/pow_solar_kumulatif_summary.csv,"Kategori Sekolah Dasar & Menengah memiliki potensi kapasitas 44,845.6 kWp dengan produksi 58,889.60 MWh/tahun. Kebutuhan modal Rp 560.57 Miliar menghasilkan penghematan belanja listrik Rp 86.41 Miliar/tahun (Simple Payback: 6.49 tahun, setara 8,640,753 perjalanan komuter bersubsidi).","Kategori Sekolah Dasar & Menengah memiliki potensi kapasitas 44,845.6 kWp dengan produksi 58,889.60 MWh/tahun. Kebutuhan modal Rp 560.57 Miliar menghasilkan penghematan belanja listrik Rp 86.41 Miliar/tahun (Simple Payback: 6.49 tahun, setara 8,640,753 perjalanan komuter bersubsidi)."
mall,Pusat Perbelanjaan / Mall,88,277502.69,108621,43448.4,57342.55,Rooftop Dak Beton Standar,12500000.0,543.11,0.5431,1467.28,B-2/TR (Bisnis Menengah),84.14,84137.58,6.45,1560.33,869,65,934,8413758,56.1,16306,Kuadran 1: Quick Wins (Balik Modal Cepat),Skema Sewa Atap Swasta (PPA) / Solar as a Service,CAPEX-ROOF-001,data/raw/sources/cnbc_esdm_biaya_plts_atap_official.html,data/raw/pln/Statistik_PLN_2024.pdf,data/processed/calculations/pow_solar_kumulatif_summary.csv,"Kategori Pusat Perbelanjaan / Mall memiliki potensi kapasitas 43,448.4 kWp dengan produksi 57,342.55 MWh/tahun. Kebutuhan modal Rp 543.11 Miliar menghasilkan penghematan belanja listrik Rp 84.14 Miliar/tahun (Simple Payback: 6.45 tahun, setara 8,413,758 perjalanan komuter bersubsidi).","Kategori Pusat Perbelanjaan / Mall memiliki potensi kapasitas 43,448.4 kWp dengan produksi 57,342.55 MWh/tahun. Kebutuhan modal Rp 543.11 Miliar menghasilkan penghematan belanja listrik Rp 84.14 Miliar/tahun (Simple Payback: 6.45 tahun, setara 8,413,758 perjalanan komuter bersubsidi)."
krl,Stasiun KRL Commuter Line,88,196922.49,83888,33555.2,44335.43,Solar Carport & Kanopi Rangka Baja,18500000.0,620.77,0.6208,1467.28,P-1/TR (Pelayanan Publik & Sosial),65.05,65052.49,9.54,1005.54,940,60,1000,6505249,43.4,12607,Kuadran 3: Visibilitas Tinggi & Komuter,Solar Canopy Overpass & Peningkatan Layanan Transit,CAPEX-CARPORT-002,data/raw/sources/plts_soekarno_hatta_t2_sei_ap2_ppi_official.html,data/raw/pln/Statistik_PLN_2024.pdf,data/processed/calculations/pow_solar_kumulatif_summary.csv,"Kategori Stasiun KRL Commuter Line memiliki potensi kapasitas 33,555.2 kWp dengan produksi 44,335.43 MWh/tahun. Kebutuhan modal Rp 620.77 Miliar menghasilkan penghematan belanja listrik Rp 65.05 Miliar/tahun (Simple Payback: 9.54 tahun, setara 6,505,249 perjalanan komuter bersubsidi).","Kategori Stasiun KRL Commuter Line memiliki potensi kapasitas 33,555.2 kWp dengan produksi 44,335.43 MWh/tahun. Kebutuhan modal Rp 620.77 Miliar menghasilkan penghematan belanja listrik Rp 65.05 Miliar/tahun (Simple Payback: 9.54 tahun, setara 6,505,249 perjalanan komuter bersubsidi)."
university,Kampus & Perguruan Tinggi,188,190798.1,71093,28437.2,37240.58,Rooftop Dak Beton Standar,12500000.0,355.46,0.3555,1467.28,P-1/TR (Pelayanan Publik & Sosial),54.64,54642.36,6.51,1010.59,569,43,612,5464236,36.4,10590,Kuadran 2: Dividen Pelayanan Publik & Edukasi,Rooftop Surya sebagai Laboratorium Transisi Energi,CAPEX-ROOF-001,data/raw/sources/cnbc_esdm_biaya_plts_atap_official.html,data/raw/pln/Statistik_PLN_2024.pdf,data/processed/calculations/pow_solar_kumulatif_summary.csv,"Kategori Kampus & Perguruan Tinggi memiliki potensi kapasitas 28,437.2 kWp dengan produksi 37,240.58 MWh/tahun. Kebutuhan modal Rp 355.46 Miliar menghasilkan penghematan belanja listrik Rp 54.64 Miliar/tahun (Simple Payback: 6.51 tahun, setara 5,464,236 perjalanan komuter bersubsidi).","Kategori Kampus & Perguruan Tinggi memiliki potensi kapasitas 28,437.2 kWp dengan produksi 37,240.58 MWh/tahun. Kebutuhan modal Rp 355.46 Miliar menghasilkan penghematan belanja listrik Rp 54.64 Miliar/tahun (Simple Payback: 6.51 tahun, setara 5,464,236 perjalanan komuter bersubsidi)."
brt,Halte Bus TransJakarta,408,145626.51,52144,20857.6,28059.32,Solar Carport & Kanopi Rangka Baja,18500000.0,385.87,0.3859,1467.28,P-1/TR (Pelayanan Publik & Sosial),41.17,41170.88,9.37,643.41,584,38,622,4117088,27.4,7979,Kuadran 3: Visibilitas Tinggi & Komuter,Kanopi Peneduh Surya & Integrasi PSO Tiket Komuter,CAPEX-CARPORT-002,data/raw/sources/plts_soekarno_hatta_t2_sei_ap2_ppi_official.html,data/raw/pln/Statistik_PLN_2024.pdf,data/processed/calculations/pow_solar_kumulatif_summary.csv,"Kategori Halte Bus TransJakarta memiliki potensi kapasitas 20,857.6 kWp dengan produksi 28,059.32 MWh/tahun. Kebutuhan modal Rp 385.87 Miliar menghasilkan penghematan belanja listrik Rp 41.17 Miliar/tahun (Simple Payback: 9.37 tahun, setara 4,117,088 perjalanan komuter bersubsidi).","Kategori Halte Bus TransJakarta memiliki potensi kapasitas 20,857.6 kWp dengan produksi 28,059.32 MWh/tahun. Kebutuhan modal Rp 385.87 Miliar menghasilkan penghematan belanja listrik Rp 41.17 Miliar/tahun (Simple Payback: 9.37 tahun, setara 4,117,088 perjalanan komuter bersubsidi)."
stadium,Gelanggang Olahraga & Stadion,63,113264.2,47499,18999.6,25065.68,Rooftop Dak Beton Standar,12500000.0,237.49,0.2375,1467.28,P-1/TR (Pelayanan Publik & Sosial),36.78,36778.37,6.46,681.96,380,28,408,3677837,24.5,7128,Kuadran 2: Dividen Pelayanan Publik & Edukasi,Pemanfaatan Dak Stadion untuk Fasilitas Publik Berkelanjutan,CAPEX-ROOF-001,data/raw/sources/cnbc_esdm_biaya_plts_atap_official.html,data/raw/pln/Statistik_PLN_2024.pdf,data/processed/calculations/pow_solar_kumulatif_summary.csv,"Kategori Gelanggang Olahraga & Stadion memiliki potensi kapasitas 18,999.6 kWp dengan produksi 25,065.68 MWh/tahun. Kebutuhan modal Rp 237.49 Miliar menghasilkan penghematan belanja listrik Rp 36.78 Miliar/tahun (Simple Payback: 6.46 tahun, setara 3,677,837 perjalanan komuter bersubsidi).","Kategori Gelanggang Olahraga & Stadion memiliki potensi kapasitas 18,999.6 kWp dengan produksi 25,065.68 MWh/tahun. Kebutuhan modal Rp 237.49 Miliar menghasilkan penghematan belanja listrik Rp 36.78 Miliar/tahun (Simple Payback: 6.46 tahun, setara 3,677,837 perjalanan komuter bersubsidi)."
mrt_lrt,Stasiun MRT & LRT,47,98214.18,40631,16252.4,21412.69,Solar Carport & Kanopi Rangka Baja,18500000.0,300.67,0.3007,1467.28,P-1/TR (Pelayanan Publik & Sosial),31.42,31418.41,9.57,484.79,455,29,484,3141841,20.9,6089,Kuadran 3: Visibilitas Tinggi & Komuter,Kanopi Modern Surya Simpul Aglomerasi Modern,CAPEX-CARPORT-002,data/raw/sources/plts_soekarno_hatta_t2_sei_ap2_ppi_official.html,data/raw/pln/Statistik_PLN_2024.pdf,data/processed/calculations/pow_solar_kumulatif_summary.csv,"Kategori Stasiun MRT & LRT memiliki potensi kapasitas 16,252.4 kWp dengan produksi 21,412.69 MWh/tahun. Kebutuhan modal Rp 300.67 Miliar menghasilkan penghematan belanja listrik Rp 31.42 Miliar/tahun (Simple Payback: 9.57 tahun, setara 3,141,841 perjalanan komuter bersubsidi).","Kategori Stasiun MRT & LRT memiliki potensi kapasitas 16,252.4 kWp dengan produksi 21,412.69 MWh/tahun. Kebutuhan modal Rp 300.67 Miliar menghasilkan penghematan belanja listrik Rp 31.42 Miliar/tahun (Simple Payback: 9.57 tahun, setara 3,141,841 perjalanan komuter bersubsidi)."
market,Pasar Tradisional & Modern,108,95748.91,36610,14644.0,19416.55,Rooftop Dak Beton Standar,12500000.0,183.05,0.183,1467.28,B-2/TR (Bisnis Menengah),28.49,28489.52,6.43,529.19,293,22,315,2848952,19.0,5521,Kuadran 1: Quick Wins (Balik Modal Cepat),Kerjasama Pengelola Pasar & PPA BUMD Pasar Jaya,CAPEX-ROOF-001,data/raw/sources/cnbc_esdm_biaya_plts_atap_official.html,data/raw/pln/Statistik_PLN_2024.pdf,data/processed/calculations/pow_solar_kumulatif_summary.csv,"Kategori Pasar Tradisional & Modern memiliki potensi kapasitas 14,644.0 kWp dengan produksi 19,416.55 MWh/tahun. Kebutuhan modal Rp 183.05 Miliar menghasilkan penghematan belanja listrik Rp 28.49 Miliar/tahun (Simple Payback: 6.43 tahun, setara 2,848,952 perjalanan komuter bersubsidi).","Kategori Pasar Tradisional & Modern memiliki potensi kapasitas 14,644.0 kWp dengan produksi 19,416.55 MWh/tahun. Kebutuhan modal Rp 183.05 Miliar menghasilkan penghematan belanja listrik Rp 28.49 Miliar/tahun (Simple Payback: 6.43 tahun, setara 2,848,952 perjalanan komuter bersubsidi)."
parking,Gedung & Lapangan Parkir,107,80564.72,32007,12802.8,16907.48,Solar Carport & Kanopi Rangka Baja,18500000.0,236.85,0.2369,1467.28,B-2/TR (Bisnis Menengah),24.81,24808.01,9.55,383.35,358,23,381,2480801,16.5,4808,Kuadran 1: Quick Wins (Balik Modal Cepat),Konsesi Solar Carport & Charging EV Berbayar,CAPEX-CARPORT-002,data/raw/sources/plts_soekarno_hatta_t2_sei_ap2_ppi_official.html,data/raw/pln/Statistik_PLN_2024.pdf,data/processed/calculations/pow_solar_kumulatif_summary.csv,"Kategori Gedung & Lapangan Parkir memiliki potensi kapasitas 12,802.8 kWp dengan produksi 16,907.48 MWh/tahun. Kebutuhan modal Rp 236.85 Miliar menghasilkan penghematan belanja listrik Rp 24.81 Miliar/tahun (Simple Payback: 9.55 tahun, setara 2,480,801 perjalanan komuter bersubsidi).","Kategori Gedung & Lapangan Parkir memiliki potensi kapasitas 12,802.8 kWp dengan produksi 16,907.48 MWh/tahun. Kebutuhan modal Rp 236.85 Miliar menghasilkan penghematan belanja listrik Rp 24.81 Miliar/tahun (Simple Payback: 9.55 tahun, setara 2,480,801 perjalanan komuter bersubsidi)."
terminal,Terminal Bus Antarkota,38,72039.09,25700,10280.0,13951.52,Solar Carport & Kanopi Rangka Baja,18500000.0,190.18,0.1902,1467.28,P-1/TR (Pelayanan Publik & Sosial),20.47,20470.79,9.29,321.59,288,19,307,2047079,13.6,3967,Kuadran 3: Visibilitas Tinggi & Komuter,Solar Carport Armada Bus & Depo Ramah Lingkungan,CAPEX-CARPORT-002,data/raw/sources/plts_soekarno_hatta_t2_sei_ap2_ppi_official.html,data/raw/pln/Statistik_PLN_2024.pdf,data/processed/calculations/pow_solar_kumulatif_summary.csv,"Kategori Terminal Bus Antarkota memiliki potensi kapasitas 10,280.0 kWp dengan produksi 13,951.52 MWh/tahun. Kebutuhan modal Rp 190.18 Miliar menghasilkan penghematan belanja listrik Rp 20.47 Miliar/tahun (Simple Payback: 9.29 tahun, setara 2,047,079 perjalanan komuter bersubsidi).","Kategori Terminal Bus Antarkota memiliki potensi kapasitas 10,280.0 kWp dengan produksi 13,951.52 MWh/tahun. Kebutuhan modal Rp 190.18 Miliar menghasilkan penghematan belanja listrik Rp 20.47 Miliar/tahun (Simple Payback: 9.29 tahun, setara 2,047,079 perjalanan komuter bersubsidi)."
airport,Bandara Internasional (Soetta),14,21185.05,9324,3729.6,4988.02,Solar Carport & Kanopi Rangka Baja,18500000.0,69.0,0.069,1467.28,B-2/TR (Bisnis Menengah),7.32,7318.82,9.43,113.97,104,7,111,731882,4.9,1418,Kuadran 3: Visibilitas Tinggi & Komuter,Ekspansi Multi-Megawatt Meniru Benchmark T2/AOCC,CAPEX-CARPORT-002,data/raw/sources/plts_soekarno_hatta_t2_sei_ap2_ppi_official.html,data/raw/pln/Statistik_PLN_2024.pdf,data/processed/calculations/pow_solar_kumulatif_summary.csv,"Kategori Bandara Internasional (Soetta) memiliki potensi kapasitas 3,729.6 kWp dengan produksi 4,988.02 MWh/tahun. Kebutuhan modal Rp 69.00 Miliar menghasilkan penghematan belanja listrik Rp 7.32 Miliar/tahun (Simple Payback: 9.43 tahun, setara 731,882 perjalanan komuter bersubsidi).","Kategori Bandara Internasional (Soetta) memiliki potensi kapasitas 3,729.6 kWp dengan produksi 4,988.02 MWh/tahun. Kebutuhan modal Rp 69.00 Miliar menghasilkan penghematan belanja listrik Rp 7.32 Miliar/tahun (Simple Payback: 9.43 tahun, setara 731,882 perjalanan komuter bersubsidi)."
jpo,Jembatan Penyeberangan Orang,30,5581.73,2000,800.0,1038.47,Solar Carport & Kanopi Rangka Baja,18500000.0,14.8,0.0148,1467.28,P-1/TR (Pelayanan Publik & Sosial),1.52,1523.73,9.71,23.29,22,1,23,152373,1.0,295,Kuadran 3: Visibilitas Tinggi & Komuter,Kanopi Peneduh Pejalan Kaki & Penerangan Surya Mandiri,CAPEX-CARPORT-002,data/raw/sources/plts_soekarno_hatta_t2_sei_ap2_ppi_official.html,data/raw/pln/Statistik_PLN_2024.pdf,data/processed/calculations/pow_solar_kumulatif_summary.csv,"Kategori Jembatan Penyeberangan Orang memiliki potensi kapasitas 800.0 kWp dengan produksi 1,038.47 MWh/tahun. Kebutuhan modal Rp 14.80 Miliar menghasilkan penghematan belanja listrik Rp 1.52 Miliar/tahun (Simple Payback: 9.71 tahun, setara 152,373 perjalanan komuter bersubsidi).","Kategori Jembatan Penyeberangan Orang memiliki potensi kapasitas 800.0 kWp dengan produksi 1,038.47 MWh/tahun. Kebutuhan modal Rp 14.80 Miliar menghasilkan penghematan belanja listrik Rp 1.52 Miliar/tahun (Simple Payback: 9.71 tahun, setara 152,373 perjalanan komuter bersubsidi)."
