asset_id,asset_name,category,category_display,city_regency,gap_category,google_building_id,google_baseline_panels,google_baseline_kwp,google_baseline_generation_mwh,google_baseline_co2_savings_ton,measured_unsegmented_gap_m2,measured_unpanelled_gap_m2,measured_total_gap_m2,infill_base_area_source,infill_applied_fraction,infill_fraction_source,infill_net_usable_area_m2,infill_additional_panels,infill_additional_kwp,infill_additional_generation_mwh,infill_additional_co2_savings_ton,combined_scenario_total_panels,combined_scenario_total_kwp,combined_scenario_generation_mwh,combined_scenario_co2_savings_ton,capacity_growth_potential_pct,structural_readiness,engineering_justification,methodology_standard,data_layer_type
BRT-006,Halte Ragunan,brt,Halte BRT TransJakarta,Jakarta Selatan,Gap Besar,buildings/ChIJrfnQvv3taS4RHp4TjnDb1Hk,101,40.4,52.13,42.17,169.01,110.07,279.07,Unsegmented Footprint Gap (Google API Measured),0.55,Category Rule (brt),92.96,44,17.6,22.71,18.37,145,58.0,74.84,60.54,43.6,Perlu Verifikasi Struktur Lanjutan,Halte BRT koridor median jalan raya memiliki batasan rintangan pohon pelindung jalan,SNI 8395:2017 & NFPA 1 Ch.11.12 Setback Model,SUPPLEMENTAL_ROOF_GAP_EXTENSION
BRT-007,Halte Kampung Melayu,brt,Halte BRT TransJakarta,Jakarta Timur,Gap Besar,buildings/ChIJb2nrRHjzaS4Rvnbh-sX56J0,40,16.0,20.24,16.38,73.03,42.17,115.2,Unsegmented Footprint Gap (Google API Measured),0.55,Category Rule (brt),40.17,19,7.6,9.61,7.77,59,23.6,29.85,24.15,47.5,Perlu Verifikasi Struktur Lanjutan,Halte BRT koridor median jalan raya memiliki batasan rintangan pohon pelindung jalan,SNI 8395:2017 & NFPA 1 Ch.11.12 Setback Model,SUPPLEMENTAL_ROOF_GAP_EXTENSION
BRT-008,Halte Pulo Gadung,brt,Halte BRT TransJakarta,Jakarta Timur,Gap Besar,buildings/ChIJxcoCXtL0aS4RGOVXc78a3ZQ,199,79.6,107.48,86.95,212.56,168.31,380.87,Unsegmented Footprint Gap (Google API Measured),0.55,Category Rule (brt),116.91,55,22.0,29.71,24.04,254,101.6,137.19,110.99,27.6,Perlu Verifikasi Struktur Lanjutan,Halte BRT koridor median jalan raya memiliki batasan rintangan pohon pelindung jalan,SNI 8395:2017 & NFPA 1 Ch.11.12 Setback Model,SUPPLEMENTAL_ROOF_GAP_EXTENSION
KRL-001,Stasiun KRL Jakarta Kota,krl,KRL Commuter Line,Jakarta Barat,Gap Besar,buildings/ChIJj3l0NgD2aS4Rdf2IvAf8tzk,4707,1882.8,2501.53,2023.74,9357.61,1164.57,10522.18,Unsegmented Footprint Gap (Google API Measured),0.65,Category Rule (krl),6082.45,2892,1156.8,1536.95,1243.39,7599,3039.6,4038.48,3267.13,61.4,Perlu Verifikasi Struktur Lanjutan,Kanopi peron rel kereta memerlukan verifikasi daya dukung beban mati baja ringan (15-20 kg/m²),SNI 8395:2017 & NFPA 1 Ch.11.12 Setback Model,SUPPLEMENTAL_ROOF_GAP_EXTENSION
KRL-002,Stasiun KRL Tanah Abang,krl,KRL Commuter Line,Jakarta Pusat,Gap Besar,buildings/ChIJ83wUloT2aS4RrCRDTmN5ahg,1291,516.4,682.23,551.92,1634.75,408.29,2043.05,Unsegmented Footprint Gap (Google API Measured),0.65,Facility Override,1062.59,505,202.0,266.87,215.9,1796,718.4,949.1,767.82,39.1,Siap Retrofit Baja Ringan,Kanopi peron jalur barat KRL (Jalur 1-4) siap dipasangi rangka dudukan panel surya,SNI 8395:2017 & NFPA 1 Ch.11.12 Setback Model,SUPPLEMENTAL_ROOF_GAP_EXTENSION
KRL-003,Stasiun KRL Pasar Senen,krl,KRL Commuter Line,Jakarta Pusat,Gap Besar,buildings/ChIJedPTNrX1aS4RVUQQZcDdvmQ,386,154.4,203.01,164.23,595.42,112.21,707.63,Unsegmented Footprint Gap (Google API Measured),0.65,Category Rule (krl),387.02,184,73.6,96.77,78.29,570,228.0,299.78,242.52,47.7,Perlu Verifikasi Struktur Lanjutan,Kanopi peron rel kereta memerlukan verifikasi daya dukung beban mati baja ringan (15-20 kg/m²),SNI 8395:2017 & NFPA 1 Ch.11.12 Setback Model,SUPPLEMENTAL_ROOF_GAP_EXTENSION
KRL-004,Stasiun KRL Jatinegara,krl,KRL Commuter Line,Jakarta Timur,Gap Besar,buildings/ChIJ8ZSc8IH0aS4R4-Upw8xXxL0,2795,1118.0,1472.57,1191.31,5842.5,924.95,6767.45,Unsegmented Footprint Gap (Google API Measured),0.65,Category Rule (krl),3797.62,1806,722.4,951.51,769.77,4601,1840.4,2424.08,1961.08,64.6,Perlu Verifikasi Struktur Lanjutan,Kanopi peron rel kereta memerlukan verifikasi daya dukung beban mati baja ringan (15-20 kg/m²),SNI 8395:2017 & NFPA 1 Ch.11.12 Setback Model,SUPPLEMENTAL_ROOF_GAP_EXTENSION
KRL-006,Stasiun KRL Duren Kalibata,krl,KRL Commuter Line,Jakarta Selatan,Gap Besar,buildings/ChIJJz_np63zaS4RmFcvoAS4UTk,459,183.6,230.35,186.35,668.73,199.41,868.14,Unsegmented Footprint Gap (Google API Measured),0.65,Category Rule (krl),434.67,206,82.4,103.38,83.63,665,266.0,333.73,269.98,44.9,Perlu Verifikasi Struktur Lanjutan,Kanopi peron rel kereta memerlukan verifikasi daya dukung beban mati baja ringan (15-20 kg/m²),SNI 8395:2017 & NFPA 1 Ch.11.12 Setback Model,SUPPLEMENTAL_ROOF_GAP_EXTENSION
MRT-001,Stasiun MRT Lebak Bulus,mrt,MRT Jakarta,Jakarta Selatan,Gap Besar,buildings/ChIJk8a7lc3xaS4RDsS1VBOckck,2501,1000.4,1300.02,1051.71,3934.77,721.73,4656.5,Unsegmented Footprint Gap (Google API Measured),0.6,Category Rule (mrt),2360.86,1122,448.8,583.22,471.82,3623,1449.2,1883.24,1523.53,44.9,Perlu Verifikasi Struktur Lanjutan,Kanopi layang beton prategang MRT memiliki integritas beban struktural sangat tinggi,SNI 8395:2017 & NFPA 1 Ch.11.12 Setback Model,SUPPLEMENTAL_ROOF_GAP_EXTENSION
MRT-007,Stasiun MRT Dukuh Atas BNI,mrt,MRT Jakarta,Jakarta Pusat,Gap Besar,buildings/ChIJx4G6uR70aS4RQDdV4y1UoVI,67,26.8,35.08,28.38,96.89,49.05,145.94,Unsegmented Footprint Gap (Google API Measured),0.6,Category Rule (mrt),58.13,27,10.8,14.14,11.44,94,37.6,49.22,39.82,40.3,Perlu Verifikasi Struktur Lanjutan,Kanopi layang beton prategang MRT memiliki integritas beban struktural sangat tinggi,SNI 8395:2017 & NFPA 1 Ch.11.12 Setback Model,SUPPLEMENTAL_ROOF_GAP_EXTENSION
LRT-014,Stasiun LRT Dukuh Atas,lrt,LRT,Jakarta Pusat,Gap Besar,buildings/ChIJlbC7BRv0aS4RB0sO1N-weGg,777,310.8,407.27,329.48,1101.05,283.22,1384.28,Unsegmented Footprint Gap (Google API Measured),0.6,Category Rule (lrt),660.63,314,125.6,164.59,133.15,1091,436.4,571.86,462.63,40.4,Perlu Verifikasi Struktur Lanjutan,Struktur atap stasiun layang LRT terstandarisasi modern,SNI 8395:2017 & NFPA 1 Ch.11.12 Setback Model,SUPPLEMENTAL_ROOF_GAP_EXTENSION
TERM-001,Terminal Bus Tanjung Priok,terminal,Terminal Bus,Jakarta Utara,Gap Besar,buildings/ChIJO-tS67gfai4RO3TrPsNqK-0,322,128.8,175.89,142.29,471.63,345.52,817.15,Unsegmented Footprint Gap (Google API Measured),0.6,Category Rule (terminal),282.98,134,53.6,73.2,59.22,456,182.4,249.09,201.51,41.6,Perlu Verifikasi Struktur Lanjutan,Kanopi peron bus antar kota memiliki luas tapak seragam,SNI 8395:2017 & NFPA 1 Ch.11.12 Setback Model,SUPPLEMENTAL_ROOF_GAP_EXTENSION
TERM-005,Terminal Baranangsiang Bogor,terminal,Terminal Bus,Kota Bogor,Gap Besar,buildings/ChIJXeKe09zFaS4RwZFux_UMpjw,74,29.6,37.16,30.06,105.78,82.17,187.95,Unsegmented Footprint Gap (Google API Measured),0.6,Category Rule (terminal),63.47,30,12.0,15.06,12.18,104,41.6,52.22,42.24,40.5,Perlu Verifikasi Struktur Lanjutan,Kanopi peron bus antar kota memiliki luas tapak seragam,SNI 8395:2017 & NFPA 1 Ch.11.12 Setback Model,SUPPLEMENTAL_ROOF_GAP_EXTENSION
AIR-001,Bandara Soekarno-Hatta (Terminal 3),airport,Bandara,Kota Tangerang,Gap Besar,buildings/ChIJ-U7OnkICai4RhMxzhhHDMaA,813,325.2,443.67,358.93,1067.5,389.52,1457.02,Unsegmented Footprint Gap (Google API Measured),0.65,Category Rule (airport),693.88,329,131.6,179.54,145.25,1142,456.8,623.21,504.18,40.5,Perlu Verifikasi Struktur Lanjutan,Terminal bandara wajib mematuhi batasan glint & glare keselamatan penerbangan (FAA),SNI 8395:2017 & NFPA 1 Ch.11.12 Setback Model,SUPPLEMENTAL_ROOF_GAP_EXTENSION
AIR-004,Bandara Halim Perdanakusuma,airport,Bandara,Jakarta Timur,Gap Besar,buildings/ChIJs1lg0tvyaS4RoH7IAMwXVSc,2183,873.2,1153.5,933.18,3262.18,310.55,3572.73,Unsegmented Footprint Gap (Google API Measured),0.65,Category Rule (airport),2120.42,1008,403.2,532.63,430.9,3191,1276.4,1686.13,1364.08,46.2,Perlu Verifikasi Struktur Lanjutan,Terminal bandara wajib mematuhi batasan glint & glare keselamatan penerbangan (FAA),SNI 8395:2017 & NFPA 1 Ch.11.12 Setback Model,SUPPLEMENTAL_ROOF_GAP_EXTENSION
PKG-002,Lippo Mall Puri 1 Multilevel Parking,parking,Gedung Parkir,Jakarta Barat,Gap Besar,buildings/ChIJP5TI02_3aS4RMDetB10Lwo8,3648,1459.2,1958.8,1584.67,6687.2,1898.89,8586.09,Unsegmented Footprint Gap (Google API Measured),0.7,Category Rule (parking),4681.04,2226,890.4,1195.25,966.96,5874,2349.6,3154.05,2551.63,61.0,Perlu Verifikasi Struktur Lanjutan,Lantai teratas gedung parkir siap dipasangi solar canopy (kanopi peneduh kendaraan),SNI 8395:2017 & NFPA 1 Ch.11.12 Setback Model,SUPPLEMENTAL_ROOF_GAP_EXTENSION
PKG-007,Gedung Parkir Epicentrum Walk,parking,Gedung Parkir,Jakarta Selatan,Gap Besar,buildings/ChIJNWMYbfbzaS4RSCv5EAYlNJo,144,57.6,71.26,57.65,141.71,90.89,232.6,Unsegmented Footprint Gap (Google API Measured),0.7,Category Rule (parking),99.2,47,18.8,23.26,18.82,191,76.4,94.52,76.47,32.6,Perlu Verifikasi Struktur Lanjutan,Lantai teratas gedung parkir siap dipasangi solar canopy (kanopi peneduh kendaraan),SNI 8395:2017 & NFPA 1 Ch.11.12 Setback Model,SUPPLEMENTAL_ROOF_GAP_EXTENSION
MALL-002,Grand Indonesia Shopping Town,mall,Pusat Perbelanjaan / Mall,Jakarta Pusat,Gap Besar,buildings/ChIJffUqtSH0aS4RBNnwMMXpGx8,9310,3724.0,4896.35,3961.14,9479.39,4300.49,13779.88,Unsegmented Footprint Gap (Google API Measured),0.6,Category Rule (mall),5687.63,2704,1081.6,1422.1,1150.48,12014,4805.6,6318.45,5111.62,29.0,Perlu Verifikasi Struktur Lanjutan,Atap mall memiliki cooling tower dan area parkir rooftop,SNI 8395:2017 & NFPA 1 Ch.11.12 Setback Model,SUPPLEMENTAL_ROOF_GAP_EXTENSION
MALL-004,Summarecon Mall Kelapa Gading,mall,Pusat Perbelanjaan / Mall,Jakarta Utara,Gap Besar,buildings/ChIJ2cq63jP1aS4RXnDZ3SOS34s,14335,5734.0,7857.64,6356.82,13865.95,10273.13,24139.08,Unsegmented Footprint Gap (Google API Measured),0.6,Category Rule (mall),8319.57,3956,1582.4,2168.46,1754.28,18291,7316.4,10026.1,8111.1,27.6,Perlu Verifikasi Struktur Lanjutan,Atap mall memiliki cooling tower dan area parkir rooftop,SNI 8395:2017 & NFPA 1 Ch.11.12 Setback Model,SUPPLEMENTAL_ROOF_GAP_EXTENSION
MALL-005,Central Park Mall,mall,Pusat Perbelanjaan / Mall,Jakarta Barat,Gap Besar,buildings/ChIJheWvnV_2aS4RDKa1R0Kqyqs,7353,2941.2,3765.58,3046.35,13241.65,3732.16,16973.81,Unsegmented Footprint Gap (Google API Measured),0.6,Category Rule (mall),7944.99,3778,1511.2,1934.77,1565.23,11131,4452.4,5700.35,4611.58,51.4,Perlu Verifikasi Struktur Lanjutan,Atap mall memiliki cooling tower dan area parkir rooftop,SNI 8395:2017 & NFPA 1 Ch.11.12 Setback Model,SUPPLEMENTAL_ROOF_GAP_EXTENSION
MALL-007,Summarecon Mall Serpong,mall,Pusat Perbelanjaan / Mall,Kab. Tangerang,Gap Besar,buildings/ChIJvf3hiQr8aS4RX-dJStWr8As,10761,4304.4,5624.11,4549.9,11332.57,7015.44,18348.02,Unsegmented Footprint Gap (Google API Measured),0.6,Category Rule (mall),6799.54,3233,1293.2,1689.69,1366.96,13994,5597.6,7313.8,5916.86,30.0,Perlu Verifikasi Struktur Lanjutan,Atap mall memiliki cooling tower dan area parkir rooftop,SNI 8395:2017 & NFPA 1 Ch.11.12 Setback Model,SUPPLEMENTAL_ROOF_GAP_EXTENSION
MALL-008,Gandaria City Mall,mall,Pusat Perbelanjaan / Mall,Jakarta Selatan,Gap Besar,buildings/ChIJ7RT9SRfxaS4Rd-vaEgpxJ9c,7229,2891.6,3777.03,3055.62,8163.32,3024.33,11187.65,Unsegmented Footprint Gap (Google API Measured),0.6,Category Rule (mall),4897.99,2329,931.6,1216.86,984.44,9558,3823.2,4993.89,4040.06,32.2,Perlu Verifikasi Struktur Lanjutan,Atap mall memiliki cooling tower dan area parkir rooftop,SNI 8395:2017 & NFPA 1 Ch.11.12 Setback Model,SUPPLEMENTAL_ROOF_GAP_EXTENSION
RS-007,RSUD Tarakan Jakarta,hospital,Rumah Sakit,Jakarta Pusat,Gap Besar,buildings/ChIJ2Xm5Cnz2aS4RbXwtb-MNEeM,397,158.8,207.63,167.97,463.17,345.41,808.58,Unsegmented Footprint Gap (Google API Measured),0.55,Category Rule (hospital),254.74,121,48.4,63.28,51.19,518,207.2,270.91,219.16,30.5,Perlu Verifikasi Struktur Lanjutan,Rooftop rumah sakit memiliki konsentrasi tinggi unit chiller AC sentral dan pipa medis MEP,SNI 8395:2017 & NFPA 1 Ch.11.12 Setback Model,SUPPLEMENTAL_ROOF_GAP_EXTENSION
RS-001,RSUPN Dr. Cipto Mangunkusumo,hospital,Rumah Sakit,Jakarta Pusat,Gap Besar,buildings/ChIJ6Rst9Gn0aS4RPeqEL93CrkQ,1714,685.6,896.93,725.61,1712.48,1144.46,2856.94,Unsegmented Footprint Gap (Google API Measured),0.55,Category Rule (hospital),941.86,447,178.8,233.91,189.23,2161,864.4,1130.84,914.84,26.1,Perlu Verifikasi Struktur Lanjutan,Rooftop rumah sakit memiliki konsentrasi tinggi unit chiller AC sentral dan pipa medis MEP,SNI 8395:2017 & NFPA 1 Ch.11.12 Setback Model,SUPPLEMENTAL_ROOF_GAP_EXTENSION
MKT-004,Pasar Senen (Blok III),market,Pasar Tradisional,Jakarta Pusat,Gap Besar,buildings/ChIJF8O0IbX1aS4RzGZ5KJfVw5M,2409,963.6,1287.66,1041.71,4596.3,1653.39,6249.7,Unsegmented Footprint Gap (Google API Measured),0.5,Facility Override,2298.15,1092,436.8,583.7,472.21,3501,1400.4,1871.36,1513.92,45.3,Perlu Evaluasi Ventilasi,Rooftop blok pasar memiliki ventilasi udara dan jalur damkar,SNI 8395:2017 & NFPA 1 Ch.11.12 Setback Model,SUPPLEMENTAL_ROOF_GAP_EXTENSION
MKT-008,Pasar Baru,market,Pasar Tradisional,Jakarta Pusat,Gap Besar,buildings/ChIJKR7KlsX1aS4RZqP25p0SMBc,83,33.2,43.38,35.09,90.55,61.46,152.01,Unsegmented Footprint Gap (Google API Measured),0.5,Category Rule (market),45.27,21,8.4,10.98,8.88,104,41.6,54.36,43.97,25.3,Perlu Verifikasi Struktur Lanjutan,Atap pasar tradisional memiliki densitas tinggi cerobong ventilasi alami dan kubah udara,SNI 8395:2017 & NFPA 1 Ch.11.12 Setback Model,SUPPLEMENTAL_ROOF_GAP_EXTENSION
UNIV-006,Universitas Negeri Jakarta Rawamangun,university,Universitas / Kampus,Jakarta Timur,Gap Besar,buildings/ChIJ43BHSO30aS4Rhby8FMyQA9Q,151,60.4,77.84,62.98,191.64,121.09,312.72,Unsegmented Footprint Gap (Google API Measured),0.65,Category Rule (university),124.57,59,23.6,30.41,24.6,210,84.0,108.25,87.58,39.1,Perlu Verifikasi Struktur Lanjutan,Atap gedung rektorat/fakultas memiliki bidang datar beton (dak) yang stabil,SNI 8395:2017 & NFPA 1 Ch.11.12 Setback Model,SUPPLEMENTAL_ROOF_GAP_EXTENSION
SCH-008,SMAN 1 Depok Nusantara,school,Sekolah Menengah,Kota Depok,Gap Besar,buildings/ChIJxS3vF1npaS4RZw8paWbipp4,82,32.8,43.83,35.46,99.41,86.89,186.3,Unsegmented Footprint Gap (Google API Measured),0.65,Category Rule (school),64.62,30,12.0,16.04,12.98,112,44.8,59.87,48.44,36.6,Perlu Verifikasi Struktur Lanjutan,Atap pelana genteng/seng sekolah negeri memerlukan rangka dudukan khusus,SNI 8395:2017 & NFPA 1 Ch.11.12 Setback Model,SUPPLEMENTAL_ROOF_GAP_EXTENSION
STD-002,Stadion Utama Gelora Bung Karno,stadium,Stadion & GOR,Jakarta Pusat,Gap Besar,buildings/ChIJDRKS0EzxaS4RPyBt0n3P5go,14427,5770.8,7578.56,6131.05,18020.32,4694.17,22714.49,Unsegmented Footprint Gap (Google API Measured),0.7,Facility Override,12614.22,5999,2399.6,3151.3,2549.4,20426,8170.4,10729.86,8680.45,41.6,Kapasitas Beban Tinggi,Kanopi lingkar stadion utama memiliki rangka baja struktural kokoh,SNI 8395:2017 & NFPA 1 Ch.11.12 Setback Model,SUPPLEMENTAL_ROOF_GAP_EXTENSION
STD-004,Stadion Madya GBK,stadium,Stadion & GOR,Jakarta Pusat,Gap Besar,buildings/ChIJ7fP6pLT2aS4RDAjjxwALY2Q,3106,1242.4,1626.67,1315.98,3932.96,1049.68,4982.64,Unsegmented Footprint Gap (Google API Measured),0.7,Category Rule (stadium),2753.07,1309,523.6,685.55,554.61,4415,1766.0,2312.22,1870.59,42.1,Perlu Verifikasi Struktur Lanjutan,Struktur atap bentang lebar kantilever stadion memiliki daya tampung panel surya luas,SNI 8395:2017 & NFPA 1 Ch.11.12 Setback Model,SUPPLEMENTAL_ROOF_GAP_EXTENSION
STD-005,Jakarta International Velodrome,stadium,Stadion & GOR,Jakarta Timur,Gap Besar,buildings/ChIJy3KCwMH0aS4RC6yOMI-7V8o,3169,1267.6,1706.03,1380.18,3100.11,826.3,3926.41,Unsegmented Footprint Gap (Google API Measured),0.7,Category Rule (stadium),2170.08,1032,412.8,555.58,449.46,4201,1680.4,2261.61,1829.64,32.6,Perlu Verifikasi Struktur Lanjutan,Struktur atap bentang lebar kantilever stadion memiliki daya tampung panel surya luas,SNI 8395:2017 & NFPA 1 Ch.11.12 Setback Model,SUPPLEMENTAL_ROOF_GAP_EXTENSION
STD-006,Gelanggang Remaja Bulungan,stadium,Stadion & GOR,Jakarta Selatan,Gap Besar,buildings/ChIJLzqAnmvxaS4Rwz0XdKYbd9w,1077,430.8,549.53,444.57,1345.29,767.46,2112.75,Unsegmented Footprint Gap (Google API Measured),0.7,Category Rule (stadium),941.7,447,178.8,228.08,184.52,1524,609.6,777.61,629.09,41.5,Perlu Verifikasi Struktur Lanjutan,Struktur atap bentang lebar kantilever stadion memiliki daya tampung panel surya luas,SNI 8395:2017 & NFPA 1 Ch.11.12 Setback Model,SUPPLEMENTAL_ROOF_GAP_EXTENSION
STD-007,Stadion Pakansari Cibinong,stadium,Stadion & GOR,Kab. Bogor,Gap Besar,buildings/ChIJv49IQ5rBaS4RwE4z1dI9WsI,366,146.4,193.72,156.72,311.73,148.25,459.97,Unsegmented Footprint Gap (Google API Measured),0.7,Category Rule (stadium),218.21,103,41.2,54.52,44.11,469,187.6,248.24,200.83,28.1,Perlu Verifikasi Struktur Lanjutan,Struktur atap bentang lebar kantilever stadion memiliki daya tampung panel surya luas,SNI 8395:2017 & NFPA 1 Ch.11.12 Setback Model,SUPPLEMENTAL_ROOF_GAP_EXTENSION
