asset_id,asset_name,is_superblock,classification,elevation_spread_m,min_elevation_m,max_elevation_m,clusters_count,total_superblock_panels,total_superblock_kwp,target_subfacility_panels,target_subfacility_kwp,target_subfacility_elev_m
MRT-003,Stasiun MRT Cipete Raya,False,Single Building Entity,7.52,45.69,53.21,1,1642,656.8,1642,656.8,53.21
KRL-032,Stasiun KRL Manggarai Sentral,False,Single Building Entity,16.04,20.13,36.17,1,4429,1771.6,4429,1771.6,35.29
LRT-014,Stasiun LRT Dukuh Atas,False,Single Building Entity,3.81,3.62,7.44,1,777,310.8,777,310.8,7.44
RS-007,RSUD Tarakan Jakarta,False,Single Building Entity,19.07,20.24,39.31,1,397,158.8,397,158.8,37.52
MALL-001,Pondok Indah Mall 1,False,Single Building Entity,21.95,30.38,52.33,1,5433,2173.2,5433,2173.2,39.56
BRT-001,Halte CSW Integrasi,False,Single Building Entity,10.17,40.74,50.92,1,436,174.4,436,174.4,50.92
UNIV-001,Perpustakaan Pusat UI Depok,False,Single Building Entity,8.8,82.61,91.41,1,1048,419.2,1048,419.2,90.81
SCH-001,SMAN 70 Jakarta Bulungan,False,Single Building Entity,5.04,26.61,31.65,1,72,28.8,72,28.8,29.18
MKT-001,Pasar Mayestik Kebayoran Baru,False,Single Building Entity,1.51,38.21,39.72,1,93,37.2,93,37.2,38.61
STD-001,Istora Senayan GBK,False,Single Building Entity,1.49,15.65,17.14,1,438,175.2,438,175.2,15.65
AIR-001,Bandara Soekarno-Hatta (Terminal 3),False,Single Building Entity,1.85,28.77,30.62,1,813,325.2,813,325.2,30.62
TERM-001,Terminal Bus Tanjung Priok,False,Single Building Entity,14.23,6.55,20.78,1,322,128.8,322,128.8,8.27
PKG-001,Gedung Parkir Binus University,False,Single Building Entity,4.83,33.65,38.47,1,720,288.0,720,288.0,34.84
