Nama_Stasiun,Latitude,Longitude
Stasiun Ancol,-6.128115,106.8451374
Stasiun Angke,-6.1447372,106.8007792
Stasiun BNI City,,
Stasiun Bojong Indah,-6.1601252,106.7363799
Stasiun Buaran,-6.2156064,106.92316
Stasiun Cakung,-6.219081,106.9524791
Stasiun Cawang,-6.2425517,106.8586903
Stasiun Cikini,-6.1985052,106.8412799
Stasiun Duren Kalibata,-6.2552012,106.8551672
Stasiun Duri,-6.1552809,106.8013247
Stasiun Gambir,-6.1766553,106.8306473
Stasiun Gang Sentiong,-6.1861531,106.8508709
Stasiun Gondangdia,-6.1859109,106.8325657
Stasiun Grogol,-6.162035,106.7896101
Stasiun Jakarta Gudang,-6.133327,106.819373
Stasiun Jakarta International Stadium,-6.1229628,106.8608155
Stasiun Jakarta Kota,-6.1375828,106.8146203
Stasiun Jatinegara,-6.2149252,106.8703394
Stasiun Jayakarta,-6.1412999,106.8231322
Stasiun Juanda,-6.1666746,106.8304609
Stasiun Kalideres,-6.1659662,106.7037283
Stasiun Kampung Bandan,-6.133327,106.819373
Stasiun Karet,-6.2008717,106.8160024
Stasiun Kebayoran,-6.23723,106.7825345
Stasiun Kemayoran,-6.1617033,106.8414012
Stasiun Klender,-6.2133188,106.8994133
Stasiun Klender Baru,-6.2176591,106.9401833
Stasiun Kramat,-6.1936203,106.8565119
Stasiun Lenteng Agung,-6.3303079,106.8346791
Stasiun Mangga Besar,-6.1498037,106.8269826
Stasiun Manggarai,-6.2101704,106.849935
Stasiun Matraman,-6.2125672,106.8597528
Stasiun Palmerah,-6.2079197,106.7972321
Stasiun Pasar Minggu,-6.2833322,106.8448558
Stasiun Pasar Minggu Baru,-6.2627587,106.8518817
Stasiun Pasar Senen,-6.1744233,106.8445744
Stasiun Pasoso,-6.1094192,106.8854431
Stasiun Pegangsaan,-6.1985052,106.8412799
Stasiun Pesing,-6.1612525,106.7719077
Stasiun Pondok Jati,-6.2091242,106.8623419
Stasiun Rajawali,-6.1450996,106.8368325
Stasiun Rawa Buaya,-6.1627437,106.7227543
Stasiun Sawah Besar,-6.1606672,106.8276549
Stasiun Sudirman,-6.2025162,106.8236386
Stasiun Sungai Lagoa,-6.1118879,106.8778253
Stasiun Taman Kota,-6.158627,106.7565728
Stasiun Tanah Abang,-6.1857127,106.8108938
Stasiun Tanjung Barat,-6.3080407,106.8389492
Stasiun Tanjung Priok,-6.1106914,106.8814984
Stasiun Tebet,-6.2263977,106.8584389
Stasiun Universitas Pancasila,-6.3393452,106.834263
