Location,Month,Energy_kWh,Irradiation_kWh_m2,Peak_Sun_Hours
Jakarta_Pusat,1,115.42,150.9,4.87
Jakarta_Pusat,2,105.27,138.51,4.95
Jakarta_Pusat,3,118.51,157.26,5.07
Jakarta_Pusat,4,109.52,145.44,4.85
Jakarta_Pusat,5,105.91,140.6,4.54
Jakarta_Pusat,6,96.99,128.78,4.29
Jakarta_Pusat,7,107.01,141.71,4.57
Jakarta_Pusat,8,122.77,163.68,5.28
Jakarta_Pusat,9,132.49,177.67,5.92
Jakarta_Pusat,10,139.42,187.02,6.03
Jakarta_Pusat,11,124.26,165.94,5.53
Jakarta_Pusat,12,113.74,150.05,4.84
Jakarta_Utara,1,115.85,150.93,4.87
Jakarta_Utara,2,105.64,138.53,4.95
Jakarta_Utara,3,119.09,157.29,5.07
Jakarta_Utara,4,109.94,145.47,4.85
Jakarta_Utara,5,106.22,140.64,4.54
Jakarta_Utara,6,97.44,128.82,4.29
Jakarta_Utara,7,107.57,141.75,4.57
Jakarta_Utara,8,123.64,163.73,5.28
Jakarta_Utara,9,133.43,177.7,5.92
Jakarta_Utara,10,140.1,187.06,6.03
Jakarta_Utara,11,124.36,165.97,5.53
Jakarta_Utara,12,115.01,150.07,4.84
Jakarta_Selatan,1,105.7,138.5,4.47
Jakarta_Selatan,2,96.27,126.93,4.53
Jakarta_Selatan,3,109.22,145.06,4.68
Jakarta_Selatan,4,102.04,135.56,4.52
Jakarta_Selatan,5,100.93,133.97,4.32
Jakarta_Selatan,6,93.36,123.93,4.13
Jakarta_Selatan,7,102.42,135.61,4.37
Jakarta_Selatan,8,117.06,156.0,5.03
Jakarta_Selatan,9,126.14,169.04,5.63
Jakarta_Selatan,10,131.49,176.3,5.69
Jakarta_Selatan,11,115.92,154.94,5.16
Jakarta_Selatan,12,105.0,138.77,4.48
Jakarta_Timur,1,115.43,150.9,4.87
Jakarta_Timur,2,105.28,138.5,4.95
Jakarta_Timur,3,118.48,157.26,5.07
Jakarta_Timur,4,109.29,145.43,4.85
Jakarta_Timur,5,105.73,140.59,4.54
Jakarta_Timur,6,96.9,128.77,4.29
Jakarta_Timur,7,106.91,141.7,4.57
Jakarta_Timur,8,122.63,163.68,5.28
Jakarta_Timur,9,132.2,177.66,5.92
Jakarta_Timur,10,139.07,187.02,6.03
Jakarta_Timur,11,123.83,165.96,5.53
Jakarta_Timur,12,113.75,150.04,4.84
Jakarta_Barat,1,115.87,150.92,4.87
Jakarta_Barat,2,105.6,138.52,4.95
Jakarta_Barat,3,119.02,157.28,5.07
Jakarta_Barat,4,109.79,145.46,4.85
Jakarta_Barat,5,106.25,140.61,4.54
Jakarta_Barat,6,97.37,128.79,4.29
Jakarta_Barat,7,107.57,141.73,4.57
Jakarta_Barat,8,123.58,163.7,5.28
Jakarta_Barat,9,133.34,177.69,5.92
Jakarta_Barat,10,140.01,187.02,6.03
Jakarta_Barat,11,124.51,165.93,5.53
Jakarta_Barat,12,114.78,150.06,4.84
