sector,category,power,tariff_rp_kwh,subsidy,description
residential,R-1/TR,450,415.0,True,
residential,R-1/TR,900,605.0,True,
residential,R-1/TR,1300,1352.0,False,
residential,R-1/TR,2200,1444.7,False,
residential,R-2/TR,3500,1444.7,False,
residential,R-3/TR,6600,1444.7,False,
commercial,B-2/TR,6-200 kVA,1467.28,,Business
commercial,B-3/TM,>200 kVA,1114.74,,Business Large
industrial,I-3/TM,200-30000 kVA,1074.39,,Industry Medium
industrial,I-4/TT,>30000 kVA,996.74,,Industry Large
public,P-1/TR,6-200 kVA,1467.28,,Public Service
public,P-2/TM,>200 kVA,1044.33,,Public Large
