object_id,nama,alamat,wilayah,keterangan,latitude,longitude,x_utm,y_utm
321,JPO JL. SULTAN AGUNG,JL. SULTAN AGUNG MANGGARAI (JPO HALTE BUSWAY TERMINAL MANGGARAI),KOTA ADM. JAKARTA SELATAN,,-6.208875999995146,106.84759999955564,704428.5056999996,9313349.1618
337,JPO JL. MEDAN MERDEKA TIMUR,"JL. MEDAN MERDEKA TIMUR DEPAN GALERI NASIONAL / DEKAT JL. BATU, KOTA ADM. JAKARTA PUSAT",KOTA ADM. JAKARTA PUSAT,,-6.178571000181615,106.83176900010181,702687.8534000004,9316706.9375
353,JPO JL. BASUKI RAHMAT,JL. BASUKI RAHMAT (BELOKAN SMK 50),KOTA ADM. JAKARTA TIMUR,,-6.229125999570335,106.88880599960022,708981.3668999998,9311093.3787
369,JPO JL. PANJANG,JL. PANJANG (JPO HALTE BUSWAY KEBUN JERUK KELAPA DUA SASAK),KOTA ADM. JAKARTA BARAT,,-6.2056788995687615,106.76948719984196,695784.0999999996,9313732.2696
385,JPO JL. ZAINUL ARIFIN,"JL. ZAINUL ARIFIN DEPAN SEKOLAH (JPO KETAPANG), KOTA ADM. JAKARTA PUSAT",KOTA ADM. JAKARTA PUSAT,,-6.160534699562861,106.8142219996104,700752.4018000001,9318708.3586
401,JPO JL. MEDAN MERDEKA BARAT,"JL. MEDAN MERDEKA BARAT DEPAN INDOSAT / KEMENTRIAN PARIWISATA, KOTA ADM. JAKARTA PUSAT",KOTA ADM. JAKARTA PUSAT,,-6.179477000174228,106.82270999984478,701684.7854000004,9316610.1787
417,JPO JL. RAYA BOGOR,JL. RAYA BOGOR (DEPAN RS HARAPAN BUNDA) (JPO HALTE BUSWAY  TRIKORA EX RS HARAPAN BUNDA),KOTA ADM. JAKARTA TIMUR,,-6.302108000178306,106.86799900041643,706649.6995999999,9303029.6894
433,JPO JL. PRAMUKA RAYA,JL. PRAMUKA RAYA DEPAN (PRAMUKA UJUNG BPKP) RT 015/ RW 09 KELURAHAN RAWASARI (JPO HALTE BUSWAY SIMPANG PRAMUKA EX BPKP)KOTA ADM. JAKARTA PUSAT,KOTA ADM. JAKARTA PUSAT,,-6.19224599960605,106.8738309998225,707338.3562000003,9315178.2577
449,JPO JL. KRAMAT RAYA,"JL. KRAMAT RAYA DEPAN KENARIMAS, KOTA ADM. JAKARTA PUSAT",KOTA ADM. JAKARTA PUSAT,,-6.191463000275955,106.84781699984518,704459.2344000004,9315274.9478
465,JPO JL. SALEMBA RAYA,"JL. SALEMBA RAYA DEPAN UNIVERSITAS INDONESIA (JPO HALTE SALEMBA UI),KOTA ADM. JAKARTA PUSAT",KOTA ADM. JAKARTA PUSAT,,-6.1935959997453445,106.84909099992437,704599.4278999995,9315038.5481
529,JPO JL. DR. WAHIDIN,"JL. DR. WAHIDIN DEPAN KEMENTRIAN KEUANGAN, KOTA ADM. JAKARTA PUSAT",KOTA ADM. JAKARTA PUSAT,,-6.170607000204895,106.83810099970565,703391.7746000001,9317585.3301
530,JPO JL. DAAN MOGOT,JL. DAAN MOGOT DEKAT JL. HEMAT,KOTA ADM. JAKARTA BARAT,,-6.16551710014553,106.78364549999735,697366.0380999995,9318168.7349
531,JPO JL. PANGERAN ANTASARI,JL. PANGERAN ANTASARI (SDN CILANDAK BARAT 15 PAGI),KOTA ADM. JAKARTA SELATAN,,-6.288595999745106,106.80681400039896,699883.9600999998,9304547.9252
532,JPO JL. RAYA LENTENG AGUNG,"JL. RAYA LENTENG AGUNG, LENTENG AGUNG, KOTA JAKARTA SELATAN, DAERAH KHUSUS IBUKOTA JAKARTA",KOTA ADM. JAKARTA SELATAN,,-6.330974999909219,106.83543599961905,703034.8991999999,9299849.8102
484,JPO JL. LENTENG AGUNG RAYA,"JL. LENTENG AGUNG RAYA, JAGAKARSA, KOTA JAKARTA SELATAN, DAERAH KHUSUS IBUKOTA JAKARTA LENTENG AGUNG SISI BARAT",KOTA ADM. JAKARTA SELATAN,,-6.3311109996370725,106.83499999980064,702986.5998,9299834.9392
387,JPO JL. MT HARYONO,JL. MT HARYONO CIKOKO STASIUN CAWANG SISI SELATAN,KOTA ADM. JAKARTA SELATAN,,-6.243414100296218,106.85786129996494,705550.8238000004,9309525.2656
533,JPO JL. LATUMENTEN,JL. LATUMENTEN (STASIUN KA LATUMENTEN),KOTA ADM. JAKARTA BARAT,,-6.161163500063176,106.79028159995515,698102.1941,9318647.7641
596,JPO JL. TB. ANGKE,JL. TB. ANGKE DEPAN PASAR JEMBATAN DUA,KOTA ADM. JAKARTA BARAT,,-6.14302799997844,106.7921219999216,698312.6328999996,9320652.7942
580,JPO JL. DAAN MOGOT,JL. DAAN MOGOT DKT MITSUBISHI (BECENG),KOTA ADM. JAKARTA BARAT,,-6.1546574000980625,106.74179569984133,692737.7236000001,9319385.0535
629,JPO JL. GUNUNG SAHARI,"JL. GUNUNG SAHARI DEPAN GOLDEN TRULY (JPO HALTE BUSWAY PASAR BARU TIMUR),KOTA ADM. JAKARTA PUSAT",KOTA ADM. JAKARTA PUSAT,,-6.162499999689683,106.83824999984903,703411.3586999997,9318481.898
612,JPO JL. LETJEN SOEPRAPTO,"JL. LETJEN SOEPRAPTO DEPAN PASAR PONCOL,KOTA ADM. JAKARTA PUSAT",KOTA ADM. JAKARTA PUSAT,,-6.175106999675923,106.84610000002195,704275.4654000001,9317084.5722
721,JPO JL. OTTO ISKANDAR DINATA,JL. OTTO ISKANDAR DINATA (DEPAN GELANGGANG REMAJA) (JPO HALTE BUSWAY GELANGGANG REMAJA),KOTA ADM. JAKARTA TIMUR,,-6.235224999580443,106.86793600023285,706669.0702,9310427.0436
707,JPO JL. PERINTIS KEMERDEKAAN,JL. PERINTIS KEMERDEKAAN (DEPAN KAMPUS ASMI) (JPO HALTE BUSWAY ASMI),KOTA ADM. JAKARTA UTARA,,-6.171976999779072,106.88874799964104,708997.4609000003,9317414.1998
561,JPO JL. GUNUNG SAHARI,"JL. GUNUNG SAHARI DEKAT BUDI UTOMO (JPO HALTE BUSWAY BUDI UTOMO), KOTA ADM. JAKARTA PUSAT",KOTA ADM. JAKARTA PUSAT,,-6.165846999838019,106.83915999964844,703510.8123000003,9318111.3764
577,JPO JL. LETJEN SUPRAPTO,"JL. LETJEN SUPRAPTO, RT.10/RW.5, CEMP. PUTIH TIM., KEC. CEMP. PUTIH, KOTA JAKARTA PUSAT, DAERAH KHUSUS IBUKOTA JAKARTA 10510",KOTA ADM. JAKARTA PUSAT,,-6.16866199964769,106.87040399968151,706968.1985999998,9317788.0058
641,JPO JL. CIDENG BARAT,"JL. CIDENG BARAT / TIMUR DEPAN PASAR THOMAS, KOTA ADM. JAKARTA PUSAT",KOTA ADM. JAKARTA PUSAT,,-6.179444000021532,106.81309099968412,700620.0948999999,9316617.466
354,JPO JL. PERINTIS KEMERDEKAAN,JL. PERINTIS KEMERDEKAAN (DEPAN TANAH PT. PULO MAS JAYA / SAMPING WADUK RIA RIO),KOTA ADM. JAKARTA UTARA,,-6.168113000433138,106.88245199993288,708302.0461999997,9317844.031
434,JPO JL. LETJEN SOEPRAPTO,"JL. LETJEN SOEPRAPTO DEPAN GALUR KELURAHAN GALUR, KOTA ADM. JAKARTA PUSAT",KOTA ADM. JAKARTA PUSAT,,-6.174527999611669,106.8549440000914,705254.6342000002,9317145.2073
418,JPO JL. LETJEN SOEPRAPTO,"JL. LETJEN SOEPRAPTO DEKAT CEMPAKA TENGAH KEL. CEMPAKA PUTIH TIMUR (HALTE BUSWAY CEMPAKA BARU), KOTA ADM. JAKARTA PUSAT",KOTA ADM. JAKARTA PUSAT,,-6.170510000145694,106.86684000001965,706572.9733999996,9317584.9989
562,JPO JL. KYAI TAPA,"JL. KYAI TAPA, GROGOL, KOTA JAKARTA BARAT, DAERAH KHUSUS IBUKOTA JAKARTA",KOTA ADM. JAKARTA BARAT,,-6.1668670001964285,106.78969400043775,698035.0366000002,9318017.1985
578,JPO JL. KYAI TAPA,"JL. KYAI TAPA, TOMANG, KOTA JAKARTA BARAT, DAERAH KHUSUS IBUKOTA JAKARTA",KOTA ADM. JAKARTA BARAT,,-6.241666999622831,106.8375000001768,703297.9923999999,9309726.3993
642,JPO JL. KH. ABDULLAH SYAFE'I / JL. LAAP ROS,JL. KH. ABDULLAH SYAFE'I / JL. LAAP ROS (DAENG TATA/TELKOM),KOTA ADM. JAKARTA SELATAN,,-6.224022000266891,106.85148599954948,704852.7571999999,9311672.5146
705,JPO JL. KRAMAT BUNDER SIMPANG LIMA SENEN,"JL. KRAMAT BUNDER SIMPANG LIMA SENEN DEPAN BLOK I PASAR SENEN, KOTA ADM. JAKARTA PUSAT",KOTA ADM. JAKARTA PUSAT,,-6.178183999749327,106.84223200002336,703846.1387999998,9316745.7416
419,JPO JL. CASABLANCA,JL. CASABLANCA / SDN 01 DEKAT KOTA KASABLANKA,KOTA ADM. JAKARTA SELATAN,,-6.225045999922949,106.84135300044841,703730.8430000003,9311563.1808
563,JPO JL. MARGAGUNA,JL. MARGAGUNA (DEPAN PIM/MARGAGUNA),KOTA ADM. JAKARTA SELATAN,,-6.263140000383659,106.78482500019535,697460.1761999996,9307371.6149
497,JPO JL. MATRAMAN,JL. MATRAMAN (DEPAN INDOMARET / SHOP & DRIVE/ HOTEL PAX),KOTA ADM. JAKARTA TIMUR,,-6.205406999866939,106.858138000289,705596.2341,9313728.753
513,JPO JL. GUNUNG SAHARI,"JL. GUNUNG SAHARI DEEPAN GANG LILIN DEKAT DINAS TEKNIS (BIN46),JKARTA PUSAT",KOTA ADM. JAKARTA PUSAT,,-6.151778000131633,106.83558299962387,703120.2187999999,9319668.7529
545,JPO JL. KRAMAT RAYA,"JL. KRAMAT RAYA DEPAN RIVOLI / DEPAN KECAMATAN SENEN (JPO HALTE BUSWAY PAL PUTIH), KOTA ADM. JAKARTA PUSAT",KOTA ADM. JAKARTA PUSAT,,-6.184466000087366,106.84396900032169,704035.9976000004,9316050.2913
625,JPO JL. HASYIM ASHARI,"JL. HASYIM ASHARI DEPAN SEKOLAH TARSISUS, KOTA ADM. JAKARTA PUSAT",KOTA ADM. JAKARTA PUSAT,,-6.165214999841583,106.81626000023043,700976.2285000002,9318189.9619
498,JPO JL. LETJEN SOEPRAPTO,"JL. LETJEN SOEPRAPTO DEPAN PENGADILAN TINGGI KEL. PUTIH TIMUR,KOTA ADM. JAKARTA PUSAT",KOTA ADM. JAKARTA PUSAT,,-6.167688000400706,106.87283000010021,707237.1184,9317894.7881
450,JPO JL. DAAN MOGOT,JL. DAAN MOGOT (JPO HALTE BUSWAY TAMAN KOTA),KOTA ADM. JAKARTA BARAT,,-6.157154000117318,106.7578089998843,694509.3048999999,9319103.1391
514,JPO JL. DAAN MOGOT,JL. DAAN MOGOT SEBELUM FLY OVER PESING,KOTA ADM. JAKARTA BARAT,,-6.157765000310773,106.75982700040744,694732.4518999998,9319034.8304
546,JPO JL. DAAN MOGOT,JL. DAAN MOGOT (JPO HALTE BUSWAY JEMBATAN GANTUNG DPN PABRIK ABC),KOTA ADM. JAKARTA BARAT,,-6.155467999794554,106.74921799987901,693558.9923,9319292.7222
626,JPO JL. KH. ABDULLAH SYAFE'I / JL. LAAP ROS,JL. KH. ABDULLAH SYAFE'I / JL. LAAP ROS (SMP 115),KOTA ADM. JAKARTA SELATAN,,-6.225097000319694,106.8547659996295,705215.3711999999,9311552.3461
499,JPO JL. KRAMAT RAYA,"JL. KRAMAT RAYA DEPAN KRAMAT SENTIONG, KOTA ADM. JAKARTA PUSAT",KOTA ADM. JAKARTA PUSAT,,-6.188150999753802,106.84607199959491,704267.3590000002,9315641.9248
515,JPO JL. PASAR MINGGU,JL. PASAR MINGGU (DEPAN ROBINSON),KOTA ADM. JAKARTA SELATAN,,-6.284622999907623,106.8441270003093,704014.7533999998,9304972.922
451,JPO JL. PASAR MINGGU,JL. PASAR MINGGU (DEPAN LP3I/DEKAT REL KA),KOTA ADM. JAKARTA SELATAN,,-6.286675999741665,106.84369500006984,703966.1449999996,9304746.0295
547,JPO JL. KYAI MAJA,JL. KYAI MAJA (BULUNGAN PERTAMINA),KOTA ADM. JAKARTA SELATAN,,-6.239952000396886,106.79678400026953,698792.4192000004,9309931.6158
593,JPO JL. SENEN RAYA,"JL. SENEN RAYA DEPAN ATRIUM, KOTA ADM. JAKARTA PUSAT",KOTA ADM. JAKARTA PUSAT,,-6.176139000306706,106.83988900011819,703587.5758999996,9316972.8136
609,JPO JL. MEDAN MERDEKA TIM,"JL. MEDAN MERDEKA TIM., GAMBIR, KOTA JAKARTA PUSAT, DAERAH KHUSUS IBUKOTA JAKARTA",KOTA ADM. JAKARTA PUSAT,,-6.174436000045825,106.83044799992739,702543.2063999996,9317164.765
338,JPO JL. MAS MANSYUR,"JL. MAS MANSYUR DEPAN LONDON SCHOOL, KOTA ADM. JAKARTA PUSAT",KOTA ADM. JAKARTA PUSAT,,-6.204985999595926,106.81655799994779,700994.1838999996,9313791.2729
322,JPO JL. OTTO ISKANDAR DINATA,JL. OTTO ISKANDAR DINATA (DEPAN SEKOLAH CAHAYA SAKTI/TERMINAL KAMPUNG MELAYU),KOTA ADM. JAKARTA TIMUR,,-6.225581000135355,106.86703899993519,706573.5647,9311494.0296
594,JPO JL. MANGGA DUA RAYA,"JL. MANGGA DUA RAYA, ANCOL, JKT UTARA, DAERAH KHUSUS IBUKOTA JAKARTA",KOTA ADM. JAKARTA UTARA,,-6.136082999776298,106.82646999955026,702117.3883999996,9321408.0449
610,JPO JL. KH. ABDULLAH SYAFE'I,JL. KH. ABDULLAH SYAFE'I (BUKIT DURI),KOTA ADM. JAKARTA SELATAN,,-6.225230999928064,106.86296900008615,706123.2307000002,9311534.3305
595,JPO JL. ISKANDARSYAH,JL. ISKANDARSYAH (DEPAN TERMINAL BLOK M),KOTA ADM. JAKARTA SELATAN,,-6.243729999765152,106.80309099990812,699489.0083999997,9309511.3962
579,JPO JL. YOS SUDARSO,"JL. YOS SUDARSO, RAWABADAK UTARA, JKT UTARA, DAERAH KHUSUS IBUKOTA JAKARTA WALIKOTA KOTA ADM. JAKARTA UTARA",KOTA ADM. JAKARTA UTARA,,-6.118439000379302,106.89339200012748,709532.4767000005,9323333.7936
627,JPO JL. KYAI TAPA,JL. KYAI TAPA GROGOL DKT KAMPUS TRISAKTI (REGULER),KOTA ADM. JAKARTA BARAT,,-6.169676000447912,106.78856999963,697909.5804000003,9317706.9522
611,JPO JL. BASUKI RAHMAT,JL. BASUKI RAHMAT (DEPAN PASAR GEMBRONG / MASJID),KOTA ADM. JAKARTA TIMUR,,-6.224485999551686,106.8769690001357,707673.0590000004,9311611.2427
643,JPO JL. TUBAGUS ANGKE,JL. TUBAGUS ANGKE DEKAT JL. KAMPUNG GUSTI,KOTA ADM. JAKARTA BARAT,,-6.144174000344312,106.77774900041453,696721.2203000002,9320531.3578
323,JPO JL. JATIBARU KOTA BAMBU,"JL. JATIBARU KOTA BAMBU, KOTA ADM. JAKARTA PUSAT",KOTA ADM. JAKARTA PUSAT,,-6.186602599825536,106.80806529993997,700061.1232000003,9315827.6387
628,JPO JL. DAAN MOGOT,"JL. DAAN MOGOT, KALIDERES, KOTA JAKARTA BARAT, DAERAH KHUSUS IBUKOTA JAKARTA KALIDERES JL. WARUNG GANTUNG",KOTA ADM. JAKARTA BARAT,,-6.159471000227083,106.6883839995578,686824.0800000001,9318871.6963
370,JPO JL. JEMBATAN III,JL. JEMBATAN III (DEKAT BIMOLI),KOTA ADM. JAKARTA UTARA,,-6.130396999830341,106.79254700036498,698364.3513000002,9322049.5744
402,JPO JL. OTTO ISKANDAR DINATA,JL. OTTO ISKANDAR DINATA (DEPAN GEDUNG KEMENTRIAN KEUANGAN) (JPO HALTE BUSWAY BIDARA CINA),KOTA ADM. JAKARTA TIMUR,,-6.229800000012851,106.86728499997044,706599.1419000002,9311027.3084
371,JPO JL. DAAN MOGOT,JL. DAAN MOGOT (JPO HALTE BUSWAY SUMUR BOR DKT RESTORAN PADANG SEDERHANA),KOTA ADM. JAKARTA BARAT,,-6.153048999629537,106.7187489997957,690187.3145000003,9319571.1912
403,JPO JL. PANGERAN TUBAGUS ANGKE,JL. PANGERAN TUBAGUS ANGKE,KOTA ADM. JAKARTA BARAT,,-6.150128000355354,106.77262400028073,696151.7401999999,9319874.758
644,JPO JL. WARUNG JATI BARAT,JL. WARUNG JATI BARAT (JPO DEKAT SDN 01 PEJATEN BARAT),KOTA ADM. JAKARTA SELATAN,,-6.276425000139205,106.83020499997986,702477.2227999996,9305885.0205
372,JPO JL. DIPENOGORO,"JL. DIPENOGORO DEPAN RSCM / YAI, KOTA ADM. JAKARTA PUSAT",KOTA ADM. JAKARTA PUSAT,,-6.196198000023705,106.84890899995477,704578.2805000003,9314750.8381
324,JPO JL. PRAMUKA RAYA,"JL. PRAMUKA RAYA DEPAN TAMAN PRAMUKA DAN PASAR GEJING RT 06 / RW 02 KEL. RAWASARI (JPO HALTE BUSWAY PASAR GENJING), KOTA ADM. JAKARTA PUSAT",KOTA ADM. JAKARTA PUSAT,,-6.194617999658027,106.86086699978938,705902.4793999996,9314920.9601
404,JPO JL. MATRAMAN,JL. MATRAMAN (DEPAN GRAMEDIA) (JPO HALTE BUSWAY TEGALAN),KOTA ADM. JAKARTA TIMUR,,-6.202765000359149,106.85715200005504,705488.1231000004,9314021.3411
435,JPO JL. ANGKASA RAYA,"JL. ANGKASA RAYA DEPAN PELNI, KOTA ADM. JAKARTA PUSAT",KOTA ADM. JAKARTA PUSAT,,-6.157602000309763,106.84319199982113,703960.2712000003,9319021.7251
500,JPO JL. JATINEGARA TIMUR,"JL. JATINEGARA TIMUR, BALI MESTER, KOTA JAKARTA TIMUR, DAERAH KHUSUS IBUKOTA JAKARTA RUMAH SAKIT PREMIER",KOTA ADM. JAKARTA TIMUR,,-6.22191099996684,106.86805399964246,706687.341,9311899.5376
452,JPO JL. MATRAMAN,JL. MATRAMAN (DEPAN KANTOR POS JATINEGARA),KOTA ADM. JAKARTA TIMUR,,-6.213896999718313,106.86298700041394,706129.6403999999,9312787.8701
339,JPO JL. GATOT SUBROTO,"JL. GATOT SUBROTO, PANCORAN, KOTA JAKARTA SELATAN, DAERAH KHUSUS IBUKOTA JAKARTA",KOTA ADM. JAKARTA SELATAN,,-6.24167899962546,106.8371920004356,703263.8997,9309725.191
689,JPO JL. ASIA AFRIKA,"JL. ASIA AFRIKA DEPAN SENAYAN CITY / PLASA SENAYAN,KOTA ADM. JAKARTA PUSAT",KOTA ADM. JAKARTA PUSAT,,-6.224473999702238,106.79824699994018,698960.1689999998,9311642.8788
466,JPO JL. LETJEN SOEPRAPTO,"JL. LETJEN SOEPRAPTO DEPAN PASAR CEMPAKA PUTIH KEL. CEMPAKA PUTIH BARAT (HALTE BUSWAY PASAR CEMPAKA PUTIH), KOTA ADM. JAKARTA PUSAT",KOTA ADM. JAKARTA PUSAT,,-6.172594999810086,106.86242600024595,706083.5718999999,9317356.107
467,JPO JL. RAYA TJ BARAT,"JL. RAYA TJ BARAT, TJ. BAR., KOTA JAKARTA SELATAN, DAERAH KHUSUS IBUKOTA JAKARTA STASIUN STASIUN TANJUNG BARAT SISI BARAT",KOTA ADM. JAKARTA SELATAN,,-6.307317000107799,106.83878999958296,703415.2877000002,9302465.059
690,JPO JL. PANTURA,"JL. PANTURA, KALIDERES, KOTA JAKARTA BARAT, DAERAH KHUSUS IBUKOTA JAKARTA KALIDERES DKT POLSEK KALIDERES/PASAR HIPLI",KOTA ADM. JAKARTA BARAT,,-6.156493299556951,106.70508239996138,688673.3870000001,9319195.1287
706,JPO JL. MAMPANG PRAPATAN RAYA,"JL. MAMPANG PRAPATAN RAYA, TEGAL PARANG, KOTA JAKARTA SELATAN, DAERAH KHUSUS IBUKOTA JAKARTA JPO DEKAT JL. MAMPANG PRAPATAN (AMARIS HOTEL)",KOTA ADM. JAKARTA SELATAN,,-6.246974000162577,106.82620999976943,702046.4325000001,9309143.7985
468,JPO JL. HR RASUNA SAID,JL. HR RASUNA SAID (DEKAT KAMPUS SATYA NEGARA),KOTA ADM. JAKARTA SELATAN,,-6.2415990000007,106.7829139996595,697256.7660999997,9309754.6784
691,JPO JL. GEDUNG KESENIAN,"JL. GEDUNG KESENIAN (DEKAT GEDUNG KESENIAN / KANTOR POS), KOTA ADM. JAKARTA PUSAT",KOTA ADM. JAKARTA PUSAT,,-6.166694800154015,106.83515220006782,703066.8602999998,9318019.1392
355,JPO JL. MANGGA DUA,JL. MANGGA DUA DEPAN HARCO MANGGA DUA,KOTA ADM. JAKARTA UTARA,,-6.135348000103113,106.82951399956428,702454.6278999997,9321488.185
516,JPO JL. PATTIMURA,JL. PATTIMURA DEKAT MABES,KOTA ADM. JAKARTA SELATAN,,-6.238853000373211,106.80250499958129,699425.9993000003,9310050.9995
420,JPO JL. GATOT SUBROTO,"JL. GATOT SUBROTO, KUNINGAN BAR., KEC. MAMPANG PRPT., KOTA JAKARTA SELATAN, DAERAH KHUSUS IBUKOTA JAKARTA",KOTA ADM. JAKARTA PUSAT,,-6.226930999554325,106.81769199987575,701111.3574999999,9311363.7744
564,JPO JL. GATOT SUBROTO,"JL. GATOT SUBROTO, KARET SEMANGGI, KOTA JAKARTA SELATAN, DAERAH KHUSUS IBUKOTA JAKARTA SEMANGGI",KOTA ADM. JAKARTA PUSAT,,-6.221539000213161,106.81408799999278,700714.5237999996,9311961.4882
548,JPO JL. LATUMENTEN/JEMBATAN BESI,JL. LATUMENTEN/JEMBATAN BESI,KOTA ADM. JAKARTA BARAT,,-6.152562000078823,106.79510699991953,698639.5142000001,9319597.2631
481,JPO JL. GUNUNG SAHARI,"JL. GUNUNG SAHARI DEPAN JEMBATAN TINGGI (DEKAT PURI SEHAT), KOTA ADM. JAKARTA PUSAT",KOTA ADM. JAKARTA PUSAT,,-6.156721399905324,106.8368506996682,703258.6662999997,9319121.5372
657,JPO JL. JENDRAL SUDIRMAN,"JL. JENDRAL SUDIRMAN DEPAN DUKUH ATAS (JPO HALTE BUSWAY DUKUH ATAS), KOTA ADM. JAKARTA PUSAT",KOTA ADM. JAKARTA PUSAT,,-6.204444000412752,106.82277799993197,701682.8338000001,9313848.8529
673,JPO JL. MATRAMAN,JL. MATRAMAN (DEPAN SD MARSUDURINI) (JPO HALTE BUSWAY KESATRIYAN EX SLAMET RIYADI),KOTA ADM. JAKARTA TIMUR,,-6.2086710001314245,106.85945699967753,705740.9598000003,9313367.2415
386,JPO JL. LETJEN SOEPRAPTO,"JL. LETJEN SOEPRAPTO DEPAN JL. PANGKALAN ASEM KEL. CEMPAKA PUTIH BARAT (HALTE BUSWAY RAWA SELATAN), KOTA ADM. JAKARTA PUSAT",KOTA ADM. JAKARTA PUSAT,,-6.17405300004985,106.85786400012323,705578.0347999996,9317196.6155
482,JPO JL. DAAN MOGOT,JL. DAAN MOGOT (SDN CENGKARENG TIMUR 01),KOTA ADM. JAKARTA BARAT,,-6.154685800048032,106.7331259001054,691778.0714999996,9319385.0336
658,JPO JL. CASABLANCA/SMU 79,JL. CASABLANCA/SMU 79,KOTA ADM. JAKARTA SELATAN,,-6.225411999618269,106.83846599977417,703411.1709000003,9311523.8146
674,JPO JL. SALEMBA RAYA,"JL. SALEMBA RAYA DEPAN CAPITOL / CAROLUS, KOTA ADM. JAKARTA PUSAT",KOTA ADM. JAKARTA PUSAT,,-6.197047000078525,106.85116800010292,704827.9924999997,9314656.0672
483,JPO JL. MAYJEN SUTOYO,"JL. MAYJEN SUTOYO, CILILITAN, KEC. KRAMAT JATI, KOTA JAKARTA TIMUR, DAERAH KHUSUS IBUKOTA JAKARTAJPO HALTE BUSWAY CAWANG CILILITAN (EX BKN)",KOTA ADM. JAKARTA TIMUR,,-6.2579059999810545,106.86974100007322,706859.9353,9307917.7928
659,JPO JL. RAYA TJ BARAT,"JL. RAYA TJ BARAT, TJ. BAR., KOTA JAKARTA SELATAN, DAERAH KHUSUS IBUKOTA JAKARTA STASIUN TANJUNG BARAT SISI TIMUR",KOTA ADM. JAKARTA SELATAN,,-6.30737599956297,106.83927799982162,703469.2676999997,9302458.3432
675,JPO JL. H.R. RASUNA SAID,JL. H.R. RASUNA SAID (JPO HALTE BUSWAY SETIABUDI UTARA),KOTA ADM. JAKARTA SELATAN,,-6.208278999954182,106.8298530003821,702464.4495999999,9313422.0092
660,JPO JL. H. DARIP,"JL. H. DARIP RT.8/RW.9, PISANGAN TIM., KEC. PULO GADUNG, KOTA JAKARTA TIMUR, DAERAH KHUSUS IBUKOTA JAKARTA 13410",KOTA ADM. JAKARTA TIMUR,,-6.214871999891623,106.87781800031573,707770.8048,9312674.2312
676,JPO JL. JUANDA DEPAN STASIUN JUANDA,"JL. JUANDA DEPAN STASIUN JUANDA, KOTA ADM. JAKARTA PUSAT",KOTA ADM. JAKARTA PUSAT,,-6.16811600009104,106.83035099987016,702534.8707999997,9317863.7836
677,JPO JL. MATRAMAN,JL. MATRAMAN (DEPAN SMPK - SMK DARUL MUKMININ (EX SMPN 14)),KOTA ADM. JAKARTA TIMUR,,-6.214794000145874,106.86497899976486,706349.7714,9312687.8846
436,JPO JL. PANJANG,JL. PANJANG (JPO HALTE BUSWAY KEBUN JERUK KEDOYA ASSIDDIQIYAH),KOTA ADM. JAKARTA BARAT,,-6.174675000198748,106.76587599996412,695395.8147999998,9317162.4668
501,JPO JL. PANJANG,JL. PANJANG (JPO HALTE BUSWAY KEBON JERUK GREEN GARDEN),KOTA ADM. JAKARTA BARAT,,-6.164589000031501,106.76300800009597,695082.0592999998,9318278.9733
517,JPO JL. JENDRAL GATOT SUBROTO,"JL. JENDRAL GATOT SUBROTO (SEMANGGI) (JPO HALTE SEMANGGI), KOTA ADM. JAKARTA PUSAT",KOTA ADM. JAKARTA PUSAT,,-6.221055800183974,106.81375220030226,700677.5414000005,9312015.0565
534,JPO JL. GAJAH MADA / JL. HAYAM WURUK,"JL. GAJAH MADA / JL. HAYAM WURUK (JPO HALTE BUSWAY OLIMO,KOTA ADM. JAKARTA PUSAT",KOTA ADM. JAKARTA PUSAT,,-6.148812999986562,106.81645100014521,701003.5406,9320003.9097
613,JPO JL. JENDRAL SUDIRMAN,"JL. JENDRAL SUDIRMAN DEPAN BENDUNGAN HILIR,KOTA ADM. JAKARTA PUSAT",KOTA ADM. JAKARTA PUSAT,,-6.2168560003829345,106.81531300025063,700851.8832999999,9312478.9514
678,JPO JL. I GUSTI NGURAH RAI,JL. I GUSTI NGURAH RAI (DEKAT STASIUN BUARAN) (JPO HALTE BUSWAY PERUMNAS KLENDER),KOTA ADM. JAKARTA TIMUR,,-6.216673999969466,106.9309699999028,713653.2295000004,9312453.7443
437,JPO JL. I GUSTI NGURAH RAI,JL. I GUSTI NGURAH RAI (DEPAN PUSAT PELATIHAN PERTANIAN),KOTA ADM. JAKARTA TIMUR,,-6.213455000378335,106.8980250002591,710007.9665999999,9312822.974
502,JPO JL. I GUSTI NGURAH RAI,JL. I GUSTI NGURAH RAI (DEPAN BENGKEL2 ONDERDIL ),KOTA ADM. JAKARTA TIMUR,,-6.213731999775323,106.88999299977802,709118.8345999997,9312795.5192
518,JPO JL. WARUNG JATI BARAT,JL. WARUNG JATI BARAT (JPO HALTE BUSWAY PEJATEN PHILIPS),KOTA ADM. JAKARTA SELATAN,,-6.278276999875438,106.8298949997548,702442.2001999998,9305680.3115
535,JPO JL. PERINTIS KEMERDEKAAN,JL. PERINTIS KEMERDEKAAN (DEPAN APARTEMEN TIFOLIA) (JPO HALTE BUSWAY PULO MAS),KOTA ADM. JAKARTA UTARA,,-6.175083000142703,106.89294299982087,709460.5992999999,9317069.021
614,JPO JL. JENDERAL AHMAD YANI,JL. JENDERAL AHMAD YANI (DEKAT LAPANGAN GOLF RAWAMANGUN) (JPO HALTE BUSWAY UTAN KAYU RAWAMANGUN),KOTA ADM. JAKARTA TIMUR,,-6.197426000391996,106.87394399961364,707348.8411999997,9314605.2996
325,JPO JL. KRAMAT RAYA DEPAN YAI,"JL. KRAMAT RAYA DEPAN YAI / PERTAMINA TONGKANG,KOTA ADM. JAKARTA PUSAT",KOTA ADM. JAKARTA PUSAT,,-6.183051999693734,106.84310399974646,703940.7944999998,9316207.0106
356,JPO JL. MAYJEN SUTOYO,JL. MAYJEN SUTOYO (DEPAN MALL PGC),KOTA ADM. JAKARTA TIMUR,,-6.262679000389357,106.86638400040445,706486.5264999997,9307391.2155
549,JPO JL. A. YANI DEKAT RAWASARI,JL. A. YANI DEKAT RAWASARI KEL. CEMPAKA PUTIH TIMUR (HALTE BUSWAY KAYU PUTIH RAWASARI),KOTA ADM. JAKARTA TIMUR,,-6.187303999757221,106.87557000006,707532.7730999999,9315724.1693
581,JPO JL. A. YANI,"JL. A. YANI DEKAT PULO MAS KEL. CEMPAKA PUTIH TIMUR (JPO HALTE BUSWAY PULO MAS BY PASS),KOTA ADM. JAKARTA PUSAT",KOTA ADM. JAKARTA PUSAT,,-6.17729900037901,106.87583000032492,707565.4552999996,9316830.6327
630,JPO JL. DAAN MOGOT,JL. DAAN MOGOT DEKAT PT.UNITAD COMPANY/DEKAT PABRIK SENG,KOTA ADM. JAKARTA BARAT,,-6.158395000026831,106.69975900000797,688083.4943000004,9318986.6965
326,JPO JL. I GUSTI NGURAH RAI,JL. I GUSTI NGURAH RAI (SAMPING KANTOR PEMASARAN PODOMORO PARK),KOTA ADM. JAKARTA TIMUR,,-6.215219000010483,106.9181920001611,712239.4631000003,9312619.8197
357,JPO JL. DAAN MOGOT,JL. DAAN MOGOT (JPO HALTE BUSWAY JELAMBAR DEKAT POM BENSIN),KOTA ADM. JAKARTA BARAT,,-6.1664969997272605,106.78685700021745,697721.1508999998,9318059.1722
550,JPO JL. GUNUNG SAHARI,"JL. GUNUNG SAHARI DEPAN HOTEL SHERATON (JPO HALTE BUSWAY JEMBATAN MERAH), KOTA ADM. JAKARTA PUSAT",KOTA ADM. JAKARTA PUSAT,,-6.1465960002582145,106.83435200042639,702985.9204000002,9320242.3423
582,JPO JL. JENDRAL SUDIRMAN/ JL. GATOT SUBROTO,"JL. JENDRAL SUDIRMAN/ JL. GATOT SUBROTO SKYWALK SEMANGGI - BENHIL, KOTA ADM. JAKARTA PUSAT",KOTA ADM. JAKARTA PUSAT,,-6.220227999802712,106.81370400000391,700672.5208,9312106.6275
631,JPO JL. DAAN MOGOT,"JL. DAAN MOGOT (JPO HALTE BUSWAY PESAKIH, DKT MESJID HASYIM ASARIH)",KOTA ADM. JAKARTA BARAT,,-6.154922000026729,106.7151249998026,689785.5197000001,9319365.342
679,JPO JL. PLUIT SELATAN RAYA,"JL. PLUIT SELATAN RAYA, PENJARINGAN, JKT UTARA, DAERAH KHUSUS IBUKOTA JAKARTA PLUIT LANDMARK AUTO PLAZA",KOTA ADM. JAKARTA UTARA,,-6.12531299967051,106.8004930002537,699245.8315000003,9322608.9003
536,JPO JL. DI. PANJAITAN,"JL. DI. PANJAITAN RT.2/RW.3, CIPINANG BESAR UTARA, KECAMATAN JATINEGARA, KOTA KOTA ADM. JAKARTA TIMUR, DAERAH KHUSUS IBUKOTA JAKARTA 13350 (HALTE BUSWAY PEDATI PRUMPUNG)",KOTA ADM. JAKARTA TIMUR,,-6.220537400304236,106.87428840005788,707377.9149000002,9312049.0162
405,JPO JL. WARUNG JATI BARAT,JL. WARUNG JATI BARAT (JPO HALTE BUSWAY JATI BARAT ( EX : SMK 57),KOTA ADM. JAKARTA SELATAN,,-6.291156000369737,106.82361399976742,701742.1343999999,9304258.3392
421,JPO JL. RAYA MAMPANG PRAPATAN,JL. RAYA MAMPANG PRAPATAN (JPO HALTE BUSWAY WARUNG BUNCIT (EX : IMIGRASI)),KOTA ADM. JAKARTA SELATAN,,-6.256710999809416,106.82791400000589,702231.2781999996,9308066.2461
597,JPO JL. D.I. PANJAITAN,JL. D.I. PANJAITAN (JPO HALTE BUSWAY SIMPANG CAWANG (EX CAWANG SUTOYO)),KOTA ADM. JAKARTA TIMUR,,-6.24544099979514,106.87578899969715,707534.2109000003,9309294.0543
722,JPO JL. JENDRAL SUDIRMAN / JL. SETIABUDI TENGAH,"JL. JENDRAL SUDIRMAN / JL. SETIABUDI TENGAH SKYWALK DUKUH ATAS,KOTA ADM. JAKARTA PUSAT",KOTA ADM. JAKARTA PUSAT,,-6.2049240004033015,106.82230499993348,701630.2983999997,9313795.9459
406,JPO JL. I GUSTI NGURAH RAI,JL. I GUSTI NGURAH RAI (DEPAN BENGKEL YAMAHA),KOTA ADM. JAKARTA TIMUR,,-6.214386000064108,106.91133200038156,711480.4899000004,9312714.7007
422,JPO JL. D.I. PANJAITAN,JL. D.I. PANJAITAN (SIMPANG PENAS KALIMALANG),KOTA ADM. JAKARTA TIMUR,,-6.239213000299637,106.8781790001932,707801.1858000001,9309981.9378
598,JPO JL. DR. SUTOMO,"JL. DR. SUTOMO (JPO HALTE BUSWAY PASAR BARU), KOTA ADM. JAKARTA PUSAT",KOTA ADM. JAKARTA PUSAT,,-6.165817999819339,106.83521999990751,703074.6989000002,9318116.0863
723,JPO JL. TAMAN MINI 1,JL. TAMAN MINI 1 (DEKAT PINTU 1 TMII),KOTA ADM. JAKARTA TIMUR,,-6.300572000177039,106.8837700003165,708395.6145000001,9303193.2995
438,JPO JL. DAAN MOGOT,JL. DAAN MOGOT WARUNG GANTUNG,KOTA ADM. JAKARTA BARAT,,-6.159406099609183,106.69206809988417,687231.8744999999,9318877.5826
358,JPO JL. TOL CAWANG GROGOL,"JL. TOL CAWANG GROGOL RT.1/RW.6, CAWANG, KEC. KRAMAT JATI, KOTA KOTA ADM. JAKARTA TIMUR, DAERAH KHUSUS IBUKOTA JAKARTA 13630 (HALTE BUSWAY BNN)",KOTA ADM. JAKARTA TIMUR,,-6.246111000083539,106.87194400015068,707108.3940000003,9309221.4661
423,JPO JL. BEKASI BARAT,"JL. BEKASI BARAT, RT.4/RW.2, RW. BUNGA, KECAMATAN JATINEGARA, KOTA KOTA ADM. JAKARTA TIMUR, DAERAH KHUSUS IBUKOTA JAKARTA 13350 (HALTE BUSWAY STASIUN JATINEGARA)",KOTA ADM. JAKARTA TIMUR,,-6.215555999571031,106.86666699975765,706536.307,9312602.948
567,JPO JL. RAYA BEKASI BARAT,JL. RAYA BEKASI BARAT (DEPAN STASIUN JATINEGARA),KOTA ADM. JAKARTA TIMUR,,-6.215425999871534,106.86954600042928,706855.0142999999,9312616.2008
373,JPO JL. LETJEN S. PARMAN,"JL. LETJEN S. PARMAN, TOMANG, KOTA JAKARTA BARAT, DAERAH KHUSUS IBUKOTA JAKARTA TAMAN ANGGREK",KOTA ADM. JAKARTA BARAT,,-6.1757910001216585,106.79273900021644,698368.7621999998,9317029.1065
485,JPO JL. PRAMUKA RAYA,JL. PRAMUKA RAYA DEPAN PASAR BURUNG PRAMUKA (NON BUSWAY),KOTA ADM. JAKARTA TIMUR,,-6.197011000391061,106.85727499972062,705503.966,9314657.6865
340,JPO JL. SOEPRAPTO / JL. A. YANI CEMPAKA MAS,"JL. SOEPRAPTO / JL. A. YANI CEMPAKA MAS (SKAY WALK),KOTA ADM. JAKARTA PUSAT",KOTA ADM. JAKARTA PUSAT,,-6.166195999577414,106.87857400032134,707873.5231999997,9318057.5682
374,JPO JL. I GUSTI NGURAH RAI,JL. I GUSTI NGURAH RAI (DEKAT FLY OVER RADEN INTEN),KOTA ADM. JAKARTA TIMUR,,-6.215980000176534,106.92436200031284,712922.0921999998,9312533.1695
486,JPO JL. RAYA BEKASI,JL. RAYA BEKASI (DEPAN SDN JATINEGARA KAUM),KOTA ADM. JAKARTA TIMUR,,-6.1977150001080314,106.9051039998208,710797.7691000002,9314561.0516
341,JPO JL. HASYIM ASHARI,"JL. HASYIM ASHARI DEPAN ROXY MAS, KOTA ADM. JAKARTA PUSAT",KOTA ADM. JAKARTA PUSAT,,-6.165988999714364,106.80455400025866,699680.2017000001,9318108.7585
503,JPO JL. RAYA PS. JUMAT,JL. RAYA PS. JUMAT (DEKAT TERMINAL LEBAK BULUS),KOTA ADM. JAKARTA SELATAN,,-6.2894459997047285,106.77339500043571,696185.3975999998,9304466.5797
455,JPO JL. GATOT SUBROTO,"JL. GATOT SUBROTO, RT.4/RW.3, KUNINGAN, KUNINGAN TIM., KECAMATAN SETIABUDI, KOTA KOTA ADM. JAKARTA SELATAN, DAERAH KHUSUS IBUKOTA JAKARTA 12950 (BAWAH JPO GATOT SUBROTO JAMSOSTEK)",KOTA ADM. JAKARTA SELATAN,,-6.2328168002506255,106.82188909988197,701573.6358000003,9310711.2153
519,JPO JL. RAYA JAKARTA-BOGOR,JL. RAYA JAKARTA-BOGOR RT.3/RW.7 KELURAHAN KAMPUNG TENGAH KECAMATAN KRAMAT JATI (HALTE PASAR INDUK),KOTA ADM. JAKARTA TIMUR,,-6.297650499749749,106.87109710027133,706994.3176999995,9303521.4665
551,JPO JL. MH.THAMRIN,"JL. MH.THAMRIN DEPAN SARINAH (JPO HALTE BUSWAY SARINAH),KOTA ADM. JAKARTA PUSAT",KOTA ADM. JAKARTA PUSAT,,-6.1879030002542486,106.82294000032132,701707.0488,9315678.193
583,JPO JL. PANGERAN TUBAGUS ANGKE,JL. PANGERAN TUBAGUS ANGKE WIJAYA KUSUMA,KOTA ADM. JAKARTA BARAT,,-6.143295858969977,106.7899895093377,698076.4811000004,9320623.96
632,JPO JL. PERINTIS KEMERDEKAAN,"JL. PERINTIS KEMERDEKAAN RT.6/RW.8, PULO GADUNG, KEC. PULO GADUNG, KOTA KOTA ADM. JAKARTA TIMUR, DAERAH KHUSUS IBUKOTA JAKARTA 13260 (JPO HALTE BUSWAY BERMIS)",KOTA ADM. JAKARTA timur,,-6.178120700147189,106.898315700218,710054.1224999996,9316730.9262
469,JPO JL. FACHRUDIN DEPAN RUKO AURI,"JL. FACHRUDIN DEPAN RUKO AURI,KOTA ADM. JAKARTA PUSAT",KOTA ADM. JAKARTA PUSAT,,-6.184753999649623,106.81502600010847,700832.2707000002,9316029.4632
453,JPO JL. JENDRAL AHMAD YANI,JL. JENDRAL AHMAD YANI (PERSIMPANGAN JL. A. YANI - JL. PRAMUKA ) (BYPASS KOLONG FLYOVER),KOTA ADM. JAKARTA PUSAT,,-6.192387999555575,106.87455700037718,707418.6605000002,9315162.2687
708,JPO JL. RAYA BEKASI TIMUR (DEPAN TOKO ABADI KLENDER),JL. RAYA BEKASI TIMUR (DEPAN TOKO ABADI KLENDER),KOTA ADM. JAKARTA TIMUR,,-6.20966200040033,106.90168800003715,710414.9145,9313241.0353
470,JPO JL. RAYA PENGGILINGAN,JL. RAYA PENGGILINGAN (DEKAT FLY OVER PONDOK KOPI) (JPO HALTE BUSWAY PENGGILINGAN),KOTA ADM. JAKARTA TIMUR,,-6.214449999634415,106.93961400026477,714610.9101,9312696.2297
454,JPO JL. RAYA BEKASI BARAT,JL. RAYA BEKASI BARAT (FLY OVER JATINEGARA),KOTA ADM. JAKARTA TIMUR,,-6.215278000033475,106.87388900019617,707335.7697000001,9312630.869
709,JPO JL. BEKASI TIMUR RAYA,JL. BEKASI TIMUR RAYA (DEPAN KANTOR IMIGRASI JAKARTATIMUR),KOTA ADM. JAKARTA TIMUR,,-6.21472400021297,106.88195699971038,708228.9835999999,9312688.9724
471,JPO JL. TMP. KALIBATA,JL. TMP. KALIBATA (DEPAN APARTEMEN),KOTA ADM. JAKARTA SELATAN,,-6.255815999773267,106.85156199955959,704848.8131999997,9308156.0713
327,JPO JL. MANGGA DUA RAYA,"JL. MANGGA DUA RAYA, RT.3/RW.4, PINANGSIA, KEC. TAMAN SARI, JKT UTARA, DAERAH KHUSUS IBUKOTA JAKARTA 11110",KOTA ADM. JAKARTA BARAT,,-6.137821000027341,106.81744500016148,701117.6984000001,9321219.2234
342,JPO JL. ARTERI PERMATA HIJAU,"JL. ARTERI PERMATA HIJAU, SUKABUMI SELATAN, 11560 KOTA ADM. JAKARTA BARAT, INDONESIA, DAERAH KHUSUS IBUKOTA JAKARTA (HALTE BUSWAY ARTERI)",KOTA ADM. JAKARTA BARAT,,-6.2183330000332315,106.77750000031276,696666.2522,9312329.8164
599,JPO JL. PANGERAN TUBAGUS ANGKE,JL. PANGERAN TUBAGUS ANGKE WIJAYA KUSUMA,KOTA ADM. JAKARTA BARAT,,-6.145375725116011,106.77568030238596,696491.7901999997,9320399.2133
615,JPO JL. MAYJEN SUTOYO,JL. MAYJEN SUTOYO (DEPAN KAMPUS UKI),KOTA ADM. JAKARTA TIMUR,,-6.2505409995506644,106.87349299958257,707278.0881000003,9308730.8925
724,JPO JL. JENDRAL AHMAD YANI,"JL. JENDRAL AHMAD YANI RT.4/RW.3, RW. BUNGA, KECAMATAN JATINEGARA, KOTA KOTA ADM. JAKARTA TIMUR, DAERAH KHUSUS IBUKOTA JAKARTA 13410 (HALTE BUSWAY FLYOVER JATINEGARA)",KOTA ADM. JAKARTA TIMUR,,-6.215253000356434,106.87351400012639,707294.2731999997,9312633.781
388,JPO JL. LETJEN. S. PARMAN,JL. LETJEN. S. PARMAN (JPO HALTE BUSWAY GROGOL 2 DKT TERMINAL GROGOL),KOTA ADM. JAKARTA BARAT,,-6.167516000392147,106.78863799986449,697917.9088000003,9317945.814
389,JPO JL. DAAN MOGOT,JL. DAAN MOGOT (JPO HALTE BUSWAY PULO NANGKA),KOTA ADM. JAKARTA BARAT,,-6.154640000348606,106.73825900031115,692346.2594999997,9319388.2528
375,JPO JL. GEDONG PANJANG,"JL. GEDONG PANJANG, PENJARINGAN, JKT UTARA, DAERAH KHUSUS IBUKOTA JAKARTA",KOTA ADM. JAKARTA UTARA,,-6.128157999769875,106.80474400036888,699715.3497000001,9322292.6725
407,JPO JL. YOS SUDARDO,"JL. YOS SUDARDO SUNTER JAYA, JKT UTARA, DAERAH KHUSUS IBUKOTA JAKARTA",KOTA ADM. JAKARTA UTARA,,-6.1500900002838135,106.88862199994371,708992.0805000002,9319834.9935
648,JPO JL. BASUKI RAHMAT,JL. BASUKI RAHMAT (SEBELUM FLY OVER ARAH TEBET),KOTA ADM. JAKARTA TIMUR,,-6.224706999972888,106.87238999998303,707166.1615000004,9311588.5984
376,JPO JL. JELAMBAR BARAT,"JL. JELAMBAR BARAT, RT.16/RW.10, JELAMBAR BARU, KEC. GROGOL PETAMBURAN, KOTA JAKARTA BARAT, DAERAH KHUSUS IBUKOTA JAKARTA 11460",KOTA ADM. JAKARTA BARAT,,-6.143558300074205,106.7855059999168,697580.0903000003,9320596.5929
328,JPO JL. JENDERAL SUDIRMAN,"JL. JENDERAL SUDIRMAN BLOK KAV NO.9, RT.1/RW.3, GELORA, KECAMATAN TANAH ABANG, KOTA JAKARTA PUSAT, DAERAH KHUSUS IBUKOTA JAKARTA 10270",KOTA ADM. JAKARTA PUSAT,,-6.227426399626954,106.8013339999391,699300.7152000004,9311315.1887
408,JPO JL. RAYA JAGAKARSA,"JL. RAYA JAGAKARSA NO.49, RT.1/RW.1, JAGAKARSA, KEC. JAGAKARSA, KOTA JAKARTA SELATAN, DAERAH KHUSUS IBUKOTA JAKARTA 12620",KOTA ADM. JAKARTA SELATAN,,-6.331433099971195,106.83478549960151,702962.7380999997,9299799.399
439,JPO  JL. KEBAYORAN BARU," JL. KEBAYORAN BARU, RT.1/RW.2, KBY. LAMA UTARA, KEC. KEBAYORAN LAMA, KOTA JAKARTA SELATAN, DAERAH KHUSUS IBUKOTA JAKARTA 12240",KOTA ADM. JAKARTA PUSAT,,-6.239187399580038,106.78416929967432,697396.5963000003,9310020.9211
488,JPO JL. I GUSTI NGURAH RAI,JL. I GUSTI NGURAH RAI (JPO STASIUN KLENDER),KOTA ADM. JAKARTA TIMUR,,-6.217921199737757,106.93999390002244,714651.5521999998,9312312.1421
504,JPO JL. AKSES MARUNDA,"JL. AKSES MARUNDA, RW.9, CILINCING, KEC. CILINCING, JKT UTARA, DAERAH KHUSUS IBUKOTA JAKARTA",KOTA ADM. JAKARTA UTARA,,-6.110556000180121,106.93805600026188,714480.2007999998,9324188.0642
692,JPO JL. DAAN MOGOT,JL. DAAN MOGOT (JPO HALTE BUSWAY JEMBATAN BARU DKT SD NUSA HARAPAN),KOTA ADM. JAKARTA BARAT,,-6.154922999943941,106.73069600024749,691509.0268000001,9319359.673
693,JPO JL. I GUSTI NGURAH RAI,JL. I GUSTI NGURAH RAI (DEPAN MALL CITRA),KOTA ADM. JAKARTA TIMUR,,-6.213594000337577,106.9024920001309,710502.3432999998,9312805.8247
694,JPO JL. RAYA BEKASI,"JL. RAYA BEKASI, UJUNG MENTENG, KOTA JAKARTA TIMUR, DAERAH KHUSUS IBUKOTA JAKARTA JPO PULOGEBANG",KOTA ADM. JAKARTA TIMUR,,-6.187621999990731,106.95985400001817,716862.2119000005,9315655.328
710,JPO JL. YOS SUDARSO,JL. YOS SUDARSO (PERMAI KOJA),KOTA ADM. JAKARTA UTARA,,-6.113872300273168,106.89297589964247,709488.1909999996,9323839.0422
472,JPO JL. JENDRAL SUDIRMAN,"JL. JENDRAL SUDIRMAN DEPAN GELORA BUNG KARNO, KOTA ADM. JAKARTA PUSAT",KOTA ADM. JAKARTA PUSAT,,-6.224230000009007,106.80600000003997,699818.3410999998,9311666.9372
695,JPO JL. KOLONEL SUGIONO,"JL. KOLONEL SUGIONO, JAKARTA TIMUR",KOTA ADM. JAKARTA TIMUR,,-6.229656199818722,106.90464950015098,710734.7450000001,9311028.4357
456,JPO JL. RAYA CASABLANCA,"JL. RAYA CASABLANCA, RT.2/RW.5, KARET KUNINGAN, KECAMATAN SETIABUDI, KOTA JAKARTA SELATAN, DAERAH KHUSUS IBUKOTA JAKARTA 12940",KOTA ADM. JAKARTA SELATAN,,-6.225553600118372,106.83451560035206,702973.8902000003,9311509.674
343,JPO JL. K.H. MAS MANSYUR,"JL. K.H. MAS MANSYUR, KARET TENGSIN, KECAMATAN TANAH ABANG, KOTA JAKARTA PUSAT, DAERAH KHUSUS IBUKOTA JAKARTA",KOTA ADM. JAKARTA PUSAT,,-6.208754899549598,106.8177033000912,701119.5179000003,9313374.0064
359,JPO JL. H. BOKIR BIN DJI'UN,"JL. H. BOKIR BIN DJI'UN, DUKUH, KEC. KRAMAT JATI, KOTA JAKARTA TIMUR, DAERAH KHUSUS IBUKOTA JAKARTA 11350",KOTA ADM. JAKARTA TIMUR,,-6.287929799702875,106.87419219956409,707340.6961000003,9304595.3622
520,JPO JL. DANAU SUNTER BARAT,"JL. DANAU SUNTER BARAT, RW.10, SUNTER AGUNG, KEC. TJ. PRIOK, JKT UTARA, DAERAH KHUSUS IBUKOTA JAKARTA 14350",KOTA ADM. JAKARTA UTARA,,-6.144227299758768,106.85760289968906,705560.6119999997,9320495.4385
391,JPO JL. DEWI SARTIKA,"JL. DEWI SARTIKA, CILILITAN, KEC. KRAMAT JATI, KOTA JAKARTA TIMUR, DAERAH KHUSUS IBUKOTA JAKARTA 13640",KOTA ADM. JAKARTA TIMUR,,-6.262626799842549,106.86468099982,706298.0708999997,9307397.6586
537,JPO JL. PESANGGRAHAN,"JL. PESANGGRAHAN NO.10-11, RT.1/RW.7, KEMBANGAN SEL., KEC. KEMBANGAN, KOTA JAKARTA BARAT, DAERAH KHUSUS IBUKOTA JAKARTA 11610",KOTA ADM. JAKARTA BARAT,,-6.188814300241266,106.75576970035307,694272.0363999996,9315602.4442
661,JPO JL. OTTO ISKANDAR DINATA,JL. OTTO ISKANDAR DINATA (DEPAN MTH SQUARE),KOTA ADM. JAKARTA TIMUR,,-6.243860999699623,106.86878500000557,706759.6494000005,9309471.5606
645,JPO JL. DEWI SARTIKA/CAWANG,JL. DEWI SARTIKA/CAWANG,KOTA ADM. JAKARTA TIMUR,,-6.245214600347751,106.86816560041679,706690.5648999996,9309322.0943
565,JPO JL. WARUNG JATI BARAT,JL. WARUNG JATI BARAT (JPO HALTE BUSWAY WARUNG JATI),KOTA ADM. JAKARTA SELATAN,,-6.2625169996599,106.82980000027439,702437.7687999997,9307423.3839
662,JPO JL. JENDERAL AHMAD YANI,JL. JENDERAL AHMAD YANI (DEPAN KANTOR BEA CUKAI) (JPO HALTE BUSWAY PISANGAN BEA CUKAI AHMAD YANI),KOTA ADM. JAKARTA TIMUR,,-6.205545000400571,106.87393299993813,707344.4499000004,9313707.3331
646,JPO JL. DR. SUMARNO,JL. DR. SUMARNO (DEPAN WALIKOTA KOTA ADM. JAKARTA TIMUR) (JPO HALTE BUSWAY WALIKOTA KOTA ADM. JAKARTA TIMUR),KOTA ADM. JAKARTA TIMUR,,-6.2126020003800795,106.94507100011228,715215.6854999997,9312898.4115
566,JPO JL. PRAMUKA RAYA,"JL. PRAMUKA RAYA DEPAN PLN (PRAMUKA LIA) RT 07 / RW 08 KEL. RAWASARI (JPO HALTE BUSWAY LIA), KOTA ADM. JAKARTA PUSAT",KOTA ADM. JAKARTA PUSAT,,-6.1923780003731945,106.86843300008131,706740.8106000004,9315165.7638
663,JPO JL. DAAN MOGOT,JL. DAAN MOGOT (JPO HALTE BUSWAY RAWA BUAYA DKT PEREMPATAN CENGKARENG),KOTA ADM. JAKARTA BARAT,,-6.153967000345279,106.72631600003857,691024.5579000004,9319466.9677
647,JPO JL. WARUNG JATI BARAT,JL. WARUNG JATI BARAT (JPO HALTE BUSWAY JPO BUNCIT INDAH),KOTA ADM. JAKARTA SELATAN,,-6.274286999736917,106.83022900042762,702480.7048000004,9306121.4714
487,JPO JL. PANJANG,JL. PANJANG (JPO HALTE BUSWAY KEBUN JERUK POS PENGUMBEN),KOTA ADM. JAKARTA BARAT,,-6.213016999760653,106.77239600016355,696103.3274999997,9312919.636
390,JPO JL. JEND. AHMAD YANI,"JL. JEND. AHMAD YANI, RW.12, KAYU PUTIH, KEC. PULO GADUNG, KOTA KOTA ADM. JAKARTA TIMUR, DAERAH KHUSUS IBUKOTA JAKARTA 10510 (HALTE BUSWAY CEMPAKA PUTIH)",KOTA ADM. JAKARTA TIMUR,,-6.174116700379922,106.87659319982318,707651.1755999997,9317182.3012
664,JPO JL. OTTO ISKANDAR DINATA,JL. OTTO ISKANDAR DINATA (DEPAN HOTEL FIDUCIA),KOTA ADM. JAKARTA TIMUR,,-6.239514999804537,106.86930999976741,706819.4605,9309952.0264
680,JPO JL. DR. SUMARNO,"JL. DR. SUMARNO NO.4, RT.7/RW.4, PENGGILINGAN, KEC. CAKUNG, KOTA JAKARTA TIMUR, DAERAH KHUSUS IBUKOTA JAKARTA 13940",KOTA ADM. JAKARTA TIMUR,,-6.212631999733577,106.94064000006901,714725.2132000001,9312896.8939
424,JPO JL. RAYA JATIWARINGIN,"JL. RAYA JATIWARINGIN NO.2, RT.8/RW.13, CIPINANG MELAYU, KEC. MAKASAR, KOTA JAKARTA TIMUR, DAERAH KHUSUS IBUKOTA JAKARTA 13620",KOTA ADM. JAKARTA TIMUR,,-6.247972300398661,106.90748190002724,711040.9099000003,9309001.4806
568,JPO JL. TEBET BARAT RAYA,"JL. TEBET BARAT RAYA, RT.1/RW.10, TEBET BAR., KEC. TEBET, KOTA JAKARTA SELATAN, DAERAH KHUSUS IBUKOTA JAKARTA 12820",KOTA ADM. JAKARTA SELATAN,,-6.243260000190385,106.8521419998366,704917.8924000002,9309544.5386
584,JPO JL. TEBET TIMUR RAYA,"JL. TEBET TIMUR RAYA NO.10, RT.1/RW.10, TEBET TIM., KEC. TEBET, KOTA JAKARTA SELATAN, DAERAH KHUSUS IBUKOTA JAKARTA 12820",KOTA ADM. JAKARTA SELATAN,,-6.23832200004692,106.8526390001389,704974.8189000003,9310090.4879
725,JPO JL. MATRAMAN,JL. MATRAMAN (DEPAN WISMA KEMHAN),KOTA ADM. JAKARTA TIMUR,,-6.2072219998483,106.8588889997427,705678.6538000004,9313527.722
552,JPO JL. PASAR SENEN,"JL. PASAR SENEN, RW.3, SENEN, KEC. SENEN, KOTA JAKARTA PUSAT, DAERAH KHUSUS IBUKOTA JAKARTA 10410JPO EXTENTION SENEN JAKARTA PUSAT",KOTA ADM. JAKARTA PUSAT,,-6.178244999697376,106.84238299985113,703862.8295,9316738.9372
633,JPO JL. KEPANDUAN II,"JL. KEPANDUAN II NO.53 3, RT.3/RW.6, PEJAGALAN, KECAMATAN PENJARINGAN, JKT UTARA, DAERAH KHUSUS IBUKOTA JAKARTA 14450",KOTA ADM. JAKARTA UTARA,,-6.139893999957873,106.78823499995293,697883.5253999997,9321000.8403
600,JPO JL. JENDERAL SUDIRMAN,"JL. JENDERAL SUDIRMAN, RT.4/RW.2, KUNINGAN, KARET TENGSIN, KECAMATAN TANAH ABANG, KOTA JAKARTA PUSAT, DAERAH KHUSUS IBUKOTA JAKARTA 10250",KOTA ADM. JAKARTA PUSAT,,-6.21320740018852,106.8197569002266,701345.1206,9312880.7887
616,"JPO Jl. RW.4, SUNGAI BAMBU","Jl. RW.4, SUNGAI BAMBU, KEC. TJ. PRIOK, JKT UTARA, DAERAH KHUSUS IBUKOTA JAKARTA",KOTA ADM. JAKARTA UTARA,,-6.1322809997709,106.88287200025931,708362.4956,9321806.9407
711,JPO JL. MATRAMAN,JL. MATRAMAN (JPO HALTE BUSWAY MATRAMAN),KOTA ADM. JAKARTA TIMUR,,-6.20024099960356,106.85446699976517,705191.9104000004,9314301.5359
737,JPO JL. KYAI TAPA,JL. KYAI TAPA (DEPAN SEKOLAH MANAJEMEN TRISAKTI),KOTA ADM. JAKARTA BARAT,,-6.1666670003373865,106.79333299999286,698437.9064999996,9318037.9643
665,JPO JL. LETJEN SOEPRAPTO,JL. LETJEN SOEPRAPTO (HALTE BUSWAY CEMPAKA MAS),KOTA ADM. JAKARTA PUSAT,,-6.166667000101562,106.87638900023582,707631.4737,9318006.3266
