asset_id,asset_name,category,category_display,city_regency,latitude,longitude,radius_meters,source_reference,description
BRT-001,Halte CSW Integrasi,brt,Halte BRT TransJakarta,Jakarta Selatan,-6.23994,106.79843,50,data/raw/transjakarta/transjakarta_stations.csv,Simpul integrasi antarmoda layang BRT TransJakarta Koridor 13 dan MRT
BRT-002,Halte Tosari,brt,Halte BRT TransJakarta,Jakarta Pusat,-6.198915,106.82295,45,data/raw/transjakarta/transjakarta_stations.csv,Halte kapal pesiar ikonik Koridor 1 di kawasan Bundaran HI
BRT-003,Halte Bundaran Senayan,brt,Halte BRT TransJakarta,Jakarta Selatan,-6.227445,106.80187,45,data/raw/transjakarta/transjakarta_stations.csv,Halte transit utama kawasan bisnis Senayan Koridor 1
BRT-004,Halte Monas,brt,Halte BRT TransJakarta,Jakarta Pusat,-6.172531,106.82315,45,data/raw/transjakarta/transjakarta_stations.csv,Halte transit kawasan ring 1 Monumen Nasional
BRT-005,Halte Harmoni,brt,Halte BRT TransJakarta,Jakarta Pusat,-6.162678,106.819663,55,data/raw/transjakarta/transjakarta_stations.csv,Sentral transit multi-koridor Jakarta Pusat
BRT-006,Halte Ragunan,brt,Halte BRT TransJakarta,Jakarta Selatan,-6.295825,106.82153,50,data/raw/transjakarta/transjakarta_stations.csv,Terminus transit ujung selatan Koridor 6
BRT-007,Halte Kampung Melayu,brt,Halte BRT TransJakarta,Jakarta Timur,-6.225314,106.86292,55,data/raw/transjakarta/transjakarta_stations.csv,Hub transit antarmoda tersibuk koridor timur Jakarta
BRT-008,Halte Pulo Gadung,brt,Halte BRT TransJakarta,Jakarta Timur,-6.185254,106.90716,55,data/raw/transjakarta/transjakarta_stations.csv,Terminal transit koridor 2 dan 4 Jakarta Timur
KRL-032,Stasiun KRL Manggarai Sentral,krl,KRL Commuter Line,Jakarta Selatan,-6.21017,106.849935,105,data/raw/krl/krl_stations.csv,Stasiun sentral transit perkeretaapian terbesar Jabodetabek
KRL-001,Stasiun KRL Jakarta Kota,krl,KRL Commuter Line,Jakarta Barat,-6.137583,106.81462,95,data/raw/krl/krl_stations.csv,Stasiun cagar budaya terminus jalur utara Jakarta
KRL-002,Stasiun KRL Tanah Abang,krl,KRL Commuter Line,Jakarta Pusat,-6.185713,106.810894,95,data/raw/krl/krl_stations.csv,Simpul stasiun komuter transit lintas Rangkasbitung dan Cikarang
KRL-003,Stasiun KRL Pasar Senen,krl,KRL Commuter Line,Jakarta Pusat,-6.174423,106.844574,90,data/raw/krl/krl_stations.csv,Stasiun integrasi antarkota dan komuter Jakarta Pusat
KRL-004,Stasiun KRL Jatinegara,krl,KRL Commuter Line,Jakarta Timur,-6.214925,106.870339,95,data/raw/krl/krl_stations.csv,Hub transit kereta api utama jalur timur
KRL-005,Stasiun KRL Sudirman,krl,KRL Commuter Line,Jakarta Pusat,-6.202408,106.823449,85,data/raw/krl/krl_stations.csv,Stasiun komuter CBD terpadat terintegrasi Dukuh Atas
KRL-006,Stasiun KRL Duren Kalibata,krl,KRL Commuter Line,Jakarta Selatan,-6.255201,106.855167,80,data/raw/krl/krl_stations.csv,Stasiun perumahan padat komuter Jakarta Selatan
KRL-007,Stasiun KRL Tanjung Priuk,krl,KRL Commuter Line,Jakarta Utara,-6.110691,106.881498,95,data/raw/krl/krl_stations.csv,Stasiun cagar budaya terminus pelabuhan Tanjung Priok
MRT-003,Stasiun MRT Cipete Raya,mrt,MRT Jakarta,Jakarta Selatan,-6.278342,106.797326,95,data/raw/mrt_lrt/mrt_stations.csv,Stasiun elevated layang koridor Fatmawati-Blok M
MRT-001,Stasiun MRT Lebak Bulus,mrt,MRT Jakarta,Jakarta Selatan,-6.289274,106.774935,95,data/raw/osm/stations_jakarta.gpkg,Stasiun terminus selatan dan depo MRT Jakarta
MRT-002,Stasiun MRT Fatmawati,mrt,MRT Jakarta,Jakarta Selatan,-6.292451,106.792464,95,data/raw/osm/stations_jakarta.gpkg,Stasiun elevated layang transit Tol JORR
MRT-004,Stasiun MRT Blok M BCA,mrt,MRT Jakarta,Jakarta Selatan,-6.244464,106.798133,95,data/raw/osm/stations_jakarta.gpkg,Stasiun sentral komersial Blok M terintegrasi transit
MRT-005,Stasiun MRT ASEAN,mrt,MRT Jakarta,Jakarta Selatan,-6.238774,106.798446,90,data/raw/osm/stations_jakarta.gpkg,Stasiun integrasi layang dengan Halte CSW
MRT-006,Stasiun MRT Senayan,mrt,MRT Jakarta,Jakarta Pusat,-6.226734,106.802493,85,data/raw/osm/stations_jakarta.gpkg,Stasiun bawah tanah simpul kawasan olahraga GBK
MRT-007,Stasiun MRT Dukuh Atas BNI,mrt,MRT Jakarta,Jakarta Pusat,-6.200796,106.822788,85,data/raw/osm/stations_jakarta.gpkg,Stasiun bawah tanah simpul 5 moda transportasi Dukuh Atas
MRT-008,Stasiun MRT Bundaran HI,mrt,MRT Jakarta,Jakarta Pusat,-6.191864,106.823008,85,data/raw/osm/stations_jakarta.gpkg,Stasiun bawah tanah terminus pusat kota koridor 1
LRT-014,Stasiun LRT Dukuh Atas,lrt,LRT,Jakarta Pusat,-6.204828,106.82553,95,data/raw/mrt_lrt/lrt_jabodebek_stations.geojson,Simpul stasiun terminus barat LRT Jabodebek di CBD
LRT-001,Stasiun LRT Rasuna Said,lrt,LRT,Jakarta Selatan,-6.221609,106.832237,90,data/raw/osm/stations_jakarta.gpkg,Stasiun layang koridor diplomatik Kuningan
LRT-002,Stasiun LRT Pancoran,lrt,LRT,Jakarta Selatan,-6.242141,106.838515,90,data/raw/osm/stations_jakarta.gpkg,Stasiun layang perempatan strategis Pancoran
LRT-003,Stasiun LRT Cikoko,lrt,LRT,Jakarta Selatan,-6.243485,106.857072,90,data/raw/osm/stations_jakarta.gpkg,Stasiun integrasi LRT Jabodebek dengan Stasiun KRL Cawang
LRT-004,Stasiun LRT Cawang,lrt,LRT,Jakarta Timur,-6.245907,106.87123,95,data/raw/osm/stations_jakarta.gpkg,Simpul persimpangan jalur Bekasi dan Cibubur
LRT-005,Stasiun LRT Halim,lrt,LRT,Jakarta Timur,-6.245866,106.887287,95,data/raw/osm/stations_jakarta.gpkg,Stasiun koneksi integrasi Kereta Cepat Whoosh
LRT-006,Stasiun LRT Velodrome Jakarta,lrt,LRT,Jakarta Timur,-6.192132,106.891177,90,data/raw/mrt_lrt/lrt_jkt_stations.geojson,Stasiun terminus selatan LRT Jakarta koridor Rawamangun
LRT-007,Stasiun LRT Pegangsaan Dua,lrt,LRT,Jakarta Utara,-6.157214,106.914209,105,data/raw/mrt_lrt/lrt_jkt_stations.geojson,Stasiun depo dan terminus utara LRT Jakarta di Kelapa Gading
TERM-001,Terminal Bus Tanjung Priok,terminal,Terminal Bus,Jakarta Utara,-6.112102,106.880937,50,data/raw/osm/terminals_jakarta.geojson,Terminal bus transit logistik dan komuter pesisir utara
TERM-002,Terminal Terpadu Pulo Gebang,terminal,Terminal Bus,Jakarta Timur,-6.211844,106.952563,120,OSM Node / BPTJ,Terminal bus tipe A terbesar se-Asia Tenggara dengan bentang dak megah
TERM-003,Terminal Kampung Rambutan,terminal,Terminal Bus,Jakarta Timur,-6.310796,106.883822,95,OSM Way / Dishub DKI,Hub terminal bus antarkota AKAP jalur selatan Jawa
TERM-004,Terminal Kalideres,terminal,Terminal Bus,Jakarta Barat,-6.154368,106.705758,80,OSM Way / Dishub DKI,Terminal bus tipe A gerbang barat lintas Sumatera
TERM-005,Terminal Baranangsiang Bogor,terminal,Terminal Bus,Kota Bogor,-6.604091,106.805962,75,OSM Node / BPTJ,Terminal bus utama transit komuter Kota Bogor
TERM-006,Terminal Jatijajar Depok,terminal,Terminal Bus,Kota Depok,-6.426257,106.858695,80,OSM Node / BPTJ,Terminal bus tipe A terpadu Kota Depok
TERM-007,Terminal Poris Plawad Tangerang,terminal,Terminal Bus,Kota Tangerang,-6.172859,106.66501,85,OSM Node / Dishub Kota Tangerang,Terminal bus utama antarkota terintegrasi KRL Batu Ceper
TERM-008,Terminal Induk Kota Bekasi,terminal,Terminal Bus,Kota Bekasi,-6.249977,107.013225,85,OSM Way / Dishub Kota Bekasi,Terminal bus tipe A pusat mobilitas antarkota Bekasi Timur
AIR-001,Bandara Soekarno-Hatta (Terminal 3),airport,Bandara,Kota Tangerang,-6.11993,106.662502,150,data/raw/osm/airports_jakarta.geojson,Terminal internasional modern dengan bentang mega-atap kanopi
AIR-002,Bandara Soekarno-Hatta (Terminal 2),airport,Bandara,Kota Tangerang,-6.126521,106.653456,130,OSM Aeroway / PT Angkasa Pura II,Terminal arsitektur Paul Andreu dengan modul atap joglo
AIR-003,Bandara Soekarno-Hatta (Terminal 1),airport,Bandara,Kota Tangerang,-6.129845,106.657021,130,OSM Aeroway / PT Angkasa Pura II,Terminal domestik Paul Andreu bentang melengkung
AIR-004,Bandara Halim Perdanakusuma,airport,Bandara,Jakarta Timur,-6.263021,106.898951,120,OSM Aeroway / PT Angkasa Pura II,Terminal bandara komersial & kenegaraan dalam kota Jakarta
PKG-001,Gedung Parkir Binus University,parking,Gedung Parkir,Jakarta Barat,-6.202025,106.780171,60,data/raw/osm/parking_jakarta.gpkg,Gedung parkir vertikal kampus dengan dak terbuka luas
PKG-002,Lippo Mall Puri 1 Multilevel Parking,parking,Gedung Parkir,Jakarta Barat,-6.189537,106.739331,65,data/raw/osm/parking_jakarta.gpkg,Dek parkir bertingkat terisolasi kawasan Puri Indah
PKG-003,Gedung Parkir Sarinah,parking,Gedung Parkir,Jakarta Pusat,-6.188265,106.824655,55,data/raw/osm/parking_jakarta.gpkg,Gedung parkir modern kawasan ritel cagar budaya Thamrin
PKG-004,Gedung Parkir Central Park Mall,parking,Gedung Parkir,Jakarta Barat,-6.175044,106.790831,65,data/raw/osm/parking_jakarta.gpkg,Gedung parkir mandiri kawasan terpadu Podomoro City
PKG-005,Gedung Parkir Kejaksaan Agung,parking,Gedung Parkir,Jakarta Selatan,-6.240563,106.796498,55,data/raw/osm/parking_jakarta.gpkg,Gedung parkir vertikal instansi pemerintahan Blok M
PKG-006,Gedung Parkir DIPO Tower,parking,Gedung Parkir,Jakarta Barat,-6.202951,106.801387,55,data/raw/osm/parking_jakarta.gpkg,Struktur dak parkir bertingkat perkantoran Slipi
PKG-007,Gedung Parkir Epicentrum Walk,parking,Gedung Parkir,Jakarta Selatan,-6.217873,106.835464,60,data/raw/osm/parking_jakarta.gpkg,Dek parkir kawasan komersial Rasuna Epicentrum
PKG-008,Gedung Parkir Mega Mall Pluit,parking,Gedung Parkir,Jakarta Utara,-6.11634,106.786869,65,data/raw/osm/parking_jakarta.gpkg,Dek parkir bertingkat kawasan komersial Pluit Village
MALL-001,Pondok Indah Mall 1,mall,Pusat Perbelanjaan / Mall,Jakarta Selatan,-6.265332,106.784584,175,data/raw/osm/commercial_jakarta.geojson,Mall ritel legendaris Jakarta Selatan dengan bentang atap dak datar 10.000 m²
MALL-002,Grand Indonesia Shopping Town,mall,Pusat Perbelanjaan / Mall,Jakarta Pusat,-6.194883,106.821644,160,OSM Way / Djarum Group,Mega-mall sentral Jakarta di Bundaran HI dengan atap podium luas
MALL-003,Senayan City,mall,Pusat Perbelanjaan / Mall,Jakarta Pusat,-6.22734,106.797246,130,OSM Way / Agung Podomoro Land,Pusat belanja mewah koridor Senayan-Asia Afrika
MALL-004,Summarecon Mall Kelapa Gading,mall,Pusat Perbelanjaan / Mall,Jakarta Utara,-6.157399,106.908366,170,OSM Way / Summarecon Agung,Kompleks mall horizontal terluas Jakarta Utara (MKG 1-5)
MALL-005,Central Park Mall,mall,Pusat Perbelanjaan / Mall,Jakarta Barat,-6.177318,106.791497,150,OSM Way / Agung Podomoro Land,Pusat komersial terkemuka Jakarta Barat dengan taman atap
MALL-006,Kota Kasablanka,mall,Pusat Perbelanjaan / Mall,Jakarta Selatan,-6.223255,106.842697,150,OSM Way / Pakuwon Jati,Mall superblok koridor Casablanca Tebet dengan atap podium masif
MALL-007,Summarecon Mall Serpong,mall,Pusat Perbelanjaan / Mall,Kab. Tangerang,-6.240672,106.628575,140,OSM Way / Summarecon Agung,Pusat gaya hidup terkemuka kawasan kota mandiri Gading Serpong
MALL-008,Summarecon Mall Bekasi,mall,Pusat Perbelanjaan / Mall,Kota Bekasi,-6.226011,107.001061,150,OSM Way / Summarecon Agung,Mall ikonik komersial kawasan Kota Summarecon Bekasi
RS-007,RSUD Tarakan Jakarta,hospital,Rumah Sakit,Jakarta Pusat,-6.17155,106.81025,65,data/raw/osm/hospitals_jakarta.gpkg,RSUD rujukan vertikal Jakarta Pusat dengan dak beton bertingkat
RS-001,RSUPN Dr. Cipto Mangunkusumo,hospital,Rumah Sakit,Jakarta Pusat,-6.197009,106.846855,100,data/raw/osm/hospitals_jakarta.gpkg,Rumah sakit rujukan nasional utama (RSCM) dengan kompleks dak luas
RS-002,RSAB Harapan Kita,hospital,Rumah Sakit,Jakarta Barat,-6.184786,106.799012,85,data/raw/osm/hospitals_jakarta.gpkg,Pusat rujukan kesehatan anak dan bunda terkemuka Slipi
RS-003,RSUP Fatmawati,hospital,Rumah Sakit,Jakarta Selatan,-6.295111,106.796194,90,data/raw/osm/hospitals_jakarta.gpkg,Rumah sakit umum pusat rujukan Jakarta Selatan
RS-004,RSUD Pasar Minggu,hospital,Rumah Sakit,Jakarta Selatan,-6.294071,106.81988,80,data/raw/osm/hospitals_jakarta.gpkg,RSUD modern kelas B dengan fasilitas gedung tinggi terpadu
RS-005,RSUD Koja,hospital,Rumah Sakit,Jakarta Utara,-6.108932,106.899668,80,data/raw/osm/hospitals_jakarta.gpkg,RSUD rujukan utama kawasan pelabuhan pesisir Jakarta Utara
RS-006,RSUD Cengkareng,hospital,Rumah Sakit,Jakarta Barat,-6.142965,106.734887,80,data/raw/osm/hospitals_jakarta.gpkg,RSUD regional pintu barat Jakarta dengan area atap datar masif
RS-008,RS Pusat Pertamina,hospital,Rumah Sakit,Jakarta Selatan,-6.240166,106.792968,85,data/raw/osm/hospitals_jakarta.gpkg,Rumah sakit BUMN ternama di kawasan Kebayoran Baru
MKT-001,Pasar Mayestik Kebayoran Baru,market,Pasar Tradisional,Jakarta Selatan,-6.24232,106.791039,50,data/raw/osm/markets_jakarta.geojson,Pasar tradisional modern bertingkat Perumda Pasar Jaya
MKT-002,Pasar Tanah Abang (Blok A),market,Pasar Tradisional,Jakarta Pusat,-6.188291,106.818495,80,OSM Way / Perumda Pasar Jaya,Pusat grosir tekstil terbesar se-Asia Tenggara dengan dak beton raksasa
MKT-003,Pasar Induk Kramat Jati,market,Pasar Tradisional,Jakarta Timur,-6.294222,106.872048,110,OSM Way / Perumda Pasar Jaya,Pasar induk komoditas pangan utama Jakarta seluas puluhan hektar
MKT-004,Pasar Senen (Blok III),market,Pasar Tradisional,Jakarta Pusat,-6.174423,106.844574,80,OSM Way / Perumda Pasar Jaya,Gedung pasar modern berkanopi luas di simpul transit Senen
MKT-005,Pasar Glodok,market,Pasar Tradisional,Jakarta Barat,-6.142718,106.814121,60,OSM Way / Perumda Pasar Jaya,Sentra perdagangan elektronik legendaris kawasan pecinan
MKT-006,Pasar Santa,market,Pasar Tradisional,Jakarta Selatan,-6.2397,106.811324,55,OSM Way / Perumda Pasar Jaya,Pasar komunitas kreatif dan kuliner Kebayoran Baru
MKT-007,Pasar Jatinegara,market,Pasar Tradisional,Jakarta Timur,-6.215726,106.866321,65,OSM Way / Perumda Pasar Jaya,Pusat perniagaan tradisional bersejarah Meester Cornelis
MKT-008,Pasar Baru,market,Pasar Tradisional,Jakarta Pusat,-6.164901,106.833467,60,OSM Way / Perumda Pasar Jaya,Kawasan perbelanjaan komersial tertua di Jakarta
UNIV-001,Perpustakaan Pusat UI Depok,university,Universitas / Kampus,Kota Depok,-6.364712,106.831379,65,data/raw/osm/education_jakarta.geojson,Arsitektur kristal ramah lingkungan 'The Crystal of Knowledge' UI
UNIV-002,Institut Pertanian Bogor Dramaga,university,Universitas / Kampus,Kab. Bogor,-6.555272,106.725016,85,OSM Way / IPB University,Gedung Rektorat Andi Hakim Nasoetion dan kampus hijau IPB
UNIV-003,Universitas Trisakti Grogol,university,Universitas / Kampus,Jakarta Barat,-6.167845,106.790257,85,OSM Way / Universitas Trisakti,Kampus reformasi Trisakti Kyai Tapa dengan blok gedung bertingkat
UNIV-004,Universitas Tarumanagara Kampus 1,university,Universitas / Kampus,Jakarta Barat,-6.168867,106.790254,80,OSM Way / UNTAR,Gedung utama perkuliahan Untar Grogol dengan atap beton datar
UNIV-005,Universitas Bina Nusantara Anggrek,university,Universitas / Kampus,Jakarta Barat,-6.201942,106.781169,75,OSM Way / BINUS University,Kampus utama teknologi Binus Anggrek Kebon Jeruk
UNIV-006,Universitas Negeri Jakarta Rawamangun,university,Universitas / Kampus,Jakarta Timur,-6.194784,106.87819,85,OSM Way / UNJ,Kampus A UNJ Rawamangun pusat pendidikan keguruan
UNIV-007,UIN Syarif Hidayatullah Jakarta,university,Universitas / Kampus,Kota Tangerang Selatan,-6.306743,106.754542,80,OSM Way / UIN Jakarta,Kampus perguruan tinggi Islam negeri terkemuka Ciputat
UNIV-008,Universitas Multimedia Nusantara,university,Universitas / Kampus,Kab. Tangerang,-6.257742,106.618159,80,OSM Way / Kompas Gramedia,Gedung ikonik New Media Tower hemat energi berarsitektur futuristik
SCH-001,SMAN 70 Jakarta Bulungan,school,Sekolah Menengah,Jakarta Selatan,-6.24169,106.79422,50,data/raw/osm/education_jakarta.geojson,SMA unggulan berorientasi atap pelana panjang mengelilingi lapangan
SCH-002,SMAN 8 Jakarta Bukit Duri,school,Sekolah Menengah,Jakarta Selatan,-6.217768,106.859227,55,OSM Way / Disdik DKI,SMA negeri unggulan sains dan akademik terdepan di Tebet
SCH-003,SMAN 68 Jakarta Salemba,school,Sekolah Menengah,Jakarta Pusat,-6.197655,106.850902,50,OSM Way / Disdik DKI,Gedung sekolah bertingkat kawasan pendidikan Salemba
SCH-004,SMAN 28 Jakarta Pasar Minggu,school,Sekolah Menengah,Jakarta Selatan,-6.285829,106.833357,50,OSM Way / Disdik DKI,SMA negeri favorit kawasan Ragunan dan Pasar Minggu
SCH-005,SMAN 3 Jakarta Setiabudi,school,Sekolah Menengah,Jakarta Selatan,-6.209867,106.825664,50,OSM Way / Disdik DKI,SMA legendaris Teladan di kawasan Setiabudi
SCH-006,SMKN 26 Jakarta Rawamangun,school,Sekolah Menengah,Jakarta Timur,-6.194564,106.887387,55,OSM Way / Disdik DKI,SMK Negeri Pembangunan bidang teknik dengan kompleks bengkel dan dak luas
SCH-007,SMAN 1 Bogor Paledang,school,Sekolah Menengah,Kota Bogor,-6.597328,106.79335,50,OSM Way / Disdik Jabar,SMA negeri tertua dan terkemuka di Kota Bogor
SCH-008,SMAN 1 Depok Nusantara,school,Sekolah Menengah,Kota Depok,-6.395384,106.814397,50,OSM Way / Disdik Jabar,SMA negeri rujukan pertama di Kota Depok
STD-001,Istora Senayan GBK,stadium,Stadion & GOR,Jakarta Pusat,-6.219799,106.804064,60,data/raw/osm/sports_jakarta.geojson,Istana olahraga indoor legendaris dengan bentang kubah melengkung
STD-002,Stadion Utama Gelora Bung Karno,stadium,Stadion & GOR,Jakarta Pusat,-6.218596,106.802607,140,OSM Way / PPK GBK,Stadion kebanggaan nasional dengan mega-atap lingkar 'temu gelang' 65.000 m²
STD-003,Jakarta International Stadium,stadium,Stadion & GOR,Jakarta Utara,-6.125075,106.860201,150,OSM Way / PT Jakpro,Stadion bertaraf FIFA dengan retractable roof modern terbesar
STD-004,Stadion Madya GBK,stadium,Stadion & GOR,Jakarta Pusat,-6.217281,106.799508,95,OSM Way / PPK GBK,Stadion atletik sekunder kompleks Gelora Bung Karno
STD-005,Jakarta International Velodrome,stadium,Stadion & GOR,Jakarta Timur,-6.190896,106.890101,90,OSM Way / PT Jakpro,Gelanggang balap sepeda indoor bertaraf Olimpiade di Rawamangun
STD-006,Gelanggang Remaja Bulungan,stadium,Stadion & GOR,Jakarta Selatan,-6.242368,106.797104,55,OSM Way / Dispora DKI,GOR olahraga dan kepemudaan sentral Blok M
STD-007,Stadion Pakansari Cibinong,stadium,Stadion & GOR,Kab. Bogor,-6.494989,106.833433,130,OSM Way / Dispora Kab. Bogor,Stadion olimpiade megah kapasitas 30.000 penonton di Cibinong
STD-008,Stadion Patriot Candrabhaga,stadium,Stadion & GOR,Kota Bekasi,-6.238491,106.991885,130,OSM Way / Dispora Kota Bekasi,Stadion internasional megah pusat olahraga Kota Bekasi
